Depth,GR
-0.9144,125.6918
-1.9812,118.9337
-3.048,118.0827
-4.1148,113.367
-5.1816,117.6828
-6.2484,121.7666
-7.3152,119.9258
-8.382,106.4803
-9.4488,115.6909
-10.5156,128.8924
-11.5824,123.2609
-12.6492,102.4479
-13.716,128.2017
-14.7828,122.8713
-15.8496,122.3457
-16.9164,117.2243
-17.9832,123.7943
-19.05,130.5757
-20.1168,125.3674
-21.1836,127.611
-22.2504,126.576
-23.3172,124.2707
-24.384,126.7727
-25.4508,124.5603
-26.5176,115.6912
-27.5844,127.8652
-28.6512,126.8081
-29.718,120.5009
-30.7848,117.9326
-31.8516,131.0912
-32.9184,118.7873
-33.9852,134.9054
-35.052,113.2646
-36.1188,105.4064
-37.1856,99.8641
-38.2524,106.8612
-39.3192,124.168
-40.386,113.8363
-41.4528,119.3401
-42.5196,122.4334
-43.5864,125.5728
-44.6532,121.3994
-45.72,133.0506
-46.7868,120.6014
-47.8536,126.5692
-48.9204,110.8234
-49.9872,105.7516
-51.054,109.086
-52.1208,120.4718
-53.1876,109.6514
-54.2544,131.8159
-55.3212,114.3468
-56.388,112.4758
-57.4548,125.7027
-58.5216,130.2581
-59.5884,118.7393
-60.6552,121.2131
-61.722,109.8383
-62.7888,130.9042
-63.8556,133.874
-64.9224,133.1036
-65.9892,137.4348
-67.056,135.2598
-68.1228,126.3999
-69.1896,127.9584
-70.2564,114.2157
-71.3232,121.87
-72.39,114.6532
-73.4568,112.73
-74.5236,114.0509
-75.5904,111.3491
-76.6572,123.3507
-77.724,128.0253
-78.7908,119.1718
-79.8576,122.3504
-80.9244,119.8805
-81.9912,131.0689
-83.058,120.5373
-84.1248,115.378
-85.1916,122.9203
-86.2584,121.9811
-87.3252,128.3414
-88.392,131.4943
-89.4588,129.9225
-90.5256,123.53
-91.5924,137.8735
-92.6592,128.1353
-93.726,112.9437
-94.7928,115.4096
-95.8596,131.3063
-96.9264,130.7005
-97.9932,121.9148
-99.06,121.2091
-100.1268,130.1276
-101.1936,128.5624
-102.2604,118.7966
-103.3272,132.0188
-104.394,124.9906
-105.4608,140.4012
-106.5276,113.0504
-107.5944,98.5785
-108.6612,125.2893
-109.728,141.5441
-110.7948,136.009
-111.8616,145.6321
-112.9284,138.8197
-113.9952,138.4822
-115.062,146.5011
-116.1288,143.5966
-117.1956,132.0841
-118.2624,135.4056
-119.3292,140.6969
-120.396,128.8053
-121.4628,133.7933
-122.5296,152.4279
-123.5964,146.8606
-124.6632,125.0301
-125.73,152.6199
-126.7968,172.8694
-127.8636,169.421
-128.9304,170.6591
-129.9972,159.6885
-131.064,159.9336
-132.1308,152.0289
-133.1976,151.0349
-134.2644,141.6327
-135.3312,151.6691
-136.398,147.6763
-137.4648,146.1834
-138.5316,123.2922
-139.5984,127.9886
-140.6652,132.9112
-141.732,132.3063
-142.7988,133.2895
-143.8656,141.8143
-144.9324,138.8915
-145.9992,142.7327
-147.066,141.0872
-148.1328,142.9652
-149.1996,119.6485
-150.2664,125.4244
-151.3332,129.8085
-152.4,141.9473
-153.4668,145.8726
-154.5336,122.8032
-155.6004,118.1385
-156.6672,125.7411
-157.734,136.1379
-158.8008,135.5412
-159.8676,123.851
-160.9344,132.4394
-162.0012,139.2305
-163.068,140.0381
-164.1348,132.7861
-165.2016,116.6172
-166.2684,116.5372
-167.3352,126.2943
-168.402,138.995
-169.4688,131.6016
-170.5356,122.8857
-171.6024,121.7583
-172.6692,121.4669
-173.736,123.6865
-174.8028,126.5486
-175.8696,127.4461
-176.9364,145.1209
-178.0032,129.9203
-179.07,145.9631
-180.1368,147.4196
-181.2036,139.0855
-182.2704,146.3631
-183.3372,148.6954
-184.404,151.2969
-185.4708,152.6368
-186.5376,95.2021
-187.6044,123.7342
-188.6712,141.7776
-189.738,140.207
-190.8048,126.1322
-191.8716,128.2226
-192.9384,122.587
-194.0052,129.9357
-195.072,140.2253
-196.1388,136.0154
-197.2056,151.6646
-198.2724,156.7668
-199.3392,150.9695
-200.406,158.7201
-201.4728,154.2887
-202.5396,147.752
-203.6064,144.4552
-204.6732,140.2099
-205.74,130.2572
-206.8068,142.4063
-207.8736,149.2394
-208.9404,127.9806
-210.0072,117.2279
-211.074,121.8313
-212.1408,120.72
-213.2076,120.2623
-214.2744,116.7812
-215.3412,123.6733
-216.408,125.7608
-217.4748,130.3075
-218.5416,134.0429
-219.6084,135.7507
-220.6752,131.3555
-221.742,132.1247
-222.8088,129.6292
-223.8756,115.5734
-224.9424,111.8627
-226.0092,124.5726
-227.076,113.5776
-228.1428,116.3698
-229.2096,126.8059
-230.2764,119.3783
-231.3432,118.7511
-232.41,120.7577
-233.4768,126.1057
-234.5436,127.9154
-235.6104,118.5564
-236.6772,130.065
-237.744,135.6566
-238.8108,133.8464
-239.8776,119.0895
-240.9444,115.1729
-242.0112,102.2407
-243.078,116.2906
-244.1448,117.4429
-245.2116,121.9373
-246.2784,131.4795
-247.3452,141.4842
-248.412,119.8586
-249.4788,116.9027
-250.5456,120.9844
-251.6124,120.3614
-252.6792,134.1242
-253.746,125.5844
-254.8128,126.3374
-255.8796,125.6857
-256.9464,129.1454
-258.0132,128.9706
-259.08,117.6143
-260.1468,118.255
-261.2136,124.3247
-262.2804,125.0915
-263.3472,130.9734
-264.414,105.5822
-265.4808,130.7574
-266.5476,131.9137
-267.6144,142.8266
-268.6812,123.9439
-269.748,123.4782
-270.8148,122.6132
-271.8816,131.2055
-272.9484,134.2583
-274.0152,128.3702
-275.082,122.7291
-276.1488,121.323
-277.2156,117.8913
-278.2824,119.053
-279.3492,113.615
-280.416,132.6935
-281.4828,127.0967
-282.5496,137.0858
-283.6164,134.763
-284.6832,136.5719
-285.75,150.2224
-286.8168,118.2056
-287.8836,122.4567
-288.9504,123.5812
-290.0172,114.6872
-291.084,133.9681
-292.1508,116.9734
-293.2176,125.6321
-294.2844,134.6008
-295.3512,122.9696
-296.418,114.947
-297.4848,126.1087
-298.5516,106.349
-299.6184,118.6683
-300.6852,127.1906
-301.752,132.5428
-302.8188,133.6554
-303.8856,127.5207
-304.9524,127.7659
-306.0192,114.9655
-307.086,117.8847
-308.1528,92.7278
-309.2196,130.326
-310.2864,146.7528
-311.3532,127.3883
-312.42,122.8114
-313.4868,132.9346
-314.5536,113.8594
-315.6204,111.007
-316.6872,125.3613
-317.754,120.5875
-318.8208,122.7539
-319.8876,147.8989
-320.9544,133.5634
-322.0212,115.6307
-323.088,131.1769
-324.1548,128.8712
-325.2216,142.4631
-326.2884,126.4797
-327.3552,126.4011
-328.422,119.1587
-329.4888,121.4768
-330.5556,116.0076
-331.6224,127.6099
-332.6892,131.6459
-333.756,128.5975
-334.8228,125.2166
-335.8896,136.6543
-336.9564,117.7407
-338.0232,121.6722
-339.09,111.426
-340.1568,125.9527
-341.2236,127.6682
-342.2904,120.5541
-343.3572,119.2978
-344.424,116.2351
-345.4908,119.3674
-346.5576,117.9695
-347.6244,139.5727
-348.6912,116.6292
-349.758,126.7772
-350.8248,120.7756
-351.8916,94.9865
-352.9584,135.0755
-354.0252,126.4668
-355.092,128.7897
-356.1588,121.1396
-357.2256,120.4934
-358.2924,105.8368
-359.3592,104.6827
-360.426,121.4944
-361.4928,112.0734
-362.5596,110.2284
-363.6264,114.1498
-364.6932,128.312
-365.76,126.4417
-366.8268,121.2365
-367.8936,89.8533
-368.9604,121.4799
-370.0272,121.5102
-371.094,133.3907
-372.1608,117.338
-373.2276,132.1155
-374.2944,123.7792
-375.3612,114.9364
-376.428,117.9804
-377.4948,104.4413
-378.5616,112.0441
-379.6284,120.7034
-380.6952,130.6386
-381.762,114.7933
-382.8288,113.1429
-383.8956,120.462
-384.9624,113.9478
-386.0292,113.3785
-387.096,120.4869
-388.1628,119.4366
-389.2296,133.1412
-390.2964,111.3304
-391.3632,110.4829
-392.43,78.3443
-393.4968,123.0048
-394.5636,125.1598
-395.6304,103.5063
-396.6972,115.166
-397.764,128.7926
-398.8308,118.9295
-399.8976,125.859
-400.9644,130.8439
-402.0312,125.0445
-403.098,125.3656
-404.1648,137.3473
-405.2316,143.8356
-406.2984,129.3438
-407.3652,119.7127
-408.432,106.659
-409.4988,126.1602
-410.5656,119.8672
-411.6324,111.7946
-412.6992,130.4449
-413.766,102.2854
-414.8328,112.0363
-415.8996,113.6589
-416.9664,114.9065
-418.0332,112.3215
-419.1,131.49
-420.1668,125.4095
-421.2336,109.931
-422.3004,113.9383
-423.3672,120.9929
-424.434,124.6351
-425.5008,127.539
-426.5676,124.8044
-427.6344,121.8878
-428.7012,127.5089
-429.768,111.047
-430.8348,111.6068
-431.9016,115.1696
-432.9684,126.3601
-434.0352,112.7507
-435.102,95.5257
-436.1688,115.1361
-437.2356,116.7805
-438.3024,129.2028
-439.3692,113.3526
-440.436,113.7131
-441.5028,111.8695
-442.5696,117.46
-443.6364,124.6539
-444.7032,111.928
-445.77,122.1318
-446.8368,116.8122
-447.9036,107.2152
-448.9704,125.5134
-450.0372,112.7257
-451.104,128.6004
-452.1708,109.1197
-453.2376,124.069
-454.3044,122.1343
-455.3712,109.3444
-456.438,110.7278
-457.5048,123.1662
-458.5716,131.3197
-459.6384,123.4615
-460.7052,114.7147
-461.772,130.8702
-462.8388,126.6547
-463.9056,124.5248
-464.9724,130.8731
-466.0392,128.9903
-467.106,130.0811
-468.1728,125.0661
-469.2396,116.567
-470.3064,106.1042
-471.3732,122.4545
-472.44,113.9621
-473.5068,115.6094
-474.5736,126.3963
-475.6404,118.4898
-476.7072,120.8396
-477.774,122.139
-478.8408,122.6231
-479.9076,107.0865
-480.9744,110.0291
-482.0412,100.9282
-483.108,118.9452
-484.1748,127.0931
-485.2416,124.9438
-486.3084,126.0308
-487.3752,96.3262
-488.442,95.4118
-489.5088,109.6214
-490.5756,118.1161
-491.6424,115.5206
-492.7092,130.8098
-493.776,112.7466
-494.8428,118.1992
-495.9096,124.8203
-496.9764,126.4708
-498.0432,120.9467
-499.11,130.8471
-500.1768,120.6609
-501.2436,102.8567
-502.3104,123.7834
-503.3772,109.7616
-504.444,120.1252
-505.5108,130.6238
-506.5776,123.4635
-507.6444,124.7923
-508.7112,127.2102
-509.778,115.9943
-510.8448,116.8771
-511.9116,119.2689
-512.9784,112.6218
-514.0452,97.1049
-515.112,121.6443
-516.1788,124.2847
-517.2456,122.5606
-518.3124,113.2175
-519.3792,114.6874
-520.446,116.9386
-521.5128,116.684
-522.5796,116.9822
-523.6464,115.3019
-524.7132,125.8026
-525.78,122.0766
-526.8468,127.9216
-527.9136,128.38
-528.9804,128.4586
-530.0472,92.1475
-531.114,133.8012
-532.1808,112.8773
-533.2476,84.9403
-534.3144,110.5148
-535.3812,122.7228
-536.448,116.702
-537.5148,118.5599
-538.5816,123.8782
-539.6484,121.026
-540.7152,114.2625
-541.782,116.2292
-542.8488,91.0607
-543.9156,96.4414
-544.9824,128.8861
-546.0492,102.2411
-547.116,111.6433
-548.1828,87.416
-549.2496,123.0974
-550.3164,125.9852
-551.3832,119.1294
-552.45,123.5054
-553.5168,111.9828
-554.5836,113.7521
-555.6504,114.1882
-556.7172,110.9777
-557.784,125.5159
-558.8508,123.1762
-559.9176,131.0515
-560.9844,122.3509
-562.0512,113.035
-563.118,142.5102
-564.1848,120.9209
-565.2516,127.0895
-566.3184,133.8109
-567.3852,101.8259
-568.452,122.0815
-569.5188,137.9201
-570.5856,65.0653
-571.6524,76.743
-572.7192,86.5227
-573.786,77.2088
-574.8528,69.1901
-575.9196,64.9455
-576.9864,66.9404
-578.0532,63.8042
-579.12,71.3348
-580.1868,70.4224
-581.2536,71.1743
-582.3204,68.2418
-583.3872,68.6711
-584.454,83.0555
-585.5208,77.3206
-586.5876,81.958
-587.6544,73.2032
-588.7212,76.6958
-589.788,70.3289
-590.8548,49.9123
-591.9216,61.9033
-592.9884,60.5067
-594.0552,55.051
-595.122,55.5613
-596.1888,106.7219
-597.2556,60.4257
-598.3224,54.531
-599.3892,82.3102
-600.456,116.2001
-601.5228,56.4238
-602.5896,91.8632
-603.6564,63.4554
-604.7232,79.5555
-605.79,109.2411
-606.8568,54.8285
-607.9236,50.4462
-608.9904,56.0365
-610.0572,51.5381
-611.124,65.5336
-612.1908,54.4174
-613.2576,60.3768
-614.3244,51.1062
-615.3912,52.2146
-616.458,66.2569
-617.5248,76.082
-618.5916,67.4485
-619.6584,59.6784
-620.7252,80.1356
-621.792,81.2108
-622.8588,100.515
-623.9256,79.7483
-624.9924,62.1695
-626.0592,76.3291
-627.126,75.0432
-628.1928,98.4142
-629.2596,82.0931
-630.3264,67.2323
-631.3932,65.8079
-632.46,70.9212
-633.5268,83.3434
-634.5936,84.9268
-635.6604,91.5798
-636.7272,85.1676
-637.794,90.2626
-638.8608,90.3625
-639.9276,80.0599
-640.9944,80.448
-642.0612,84.4673
-643.128,89.0537
-644.1948,77.1821
-645.2616,74.8342
-646.3284,81.1735
-647.3952,89.5511
-648.462,79.8765
-649.5288,69.5849
-650.5956,96.6172
-651.6624,88.4743
-652.7292,60.6511
-653.796,70.1794
-654.8628,69.7649
-655.9296,59.291
-656.9964,61.8141
-658.0632,64.8613
-659.13,87.8393
-660.1968,58.7054
-661.2636,56.1092
-662.3304,47.8809
-663.3972,56.9702
-664.464,58.8008
-665.5308,131.3612
-666.5976,78.2181
-667.6644,59.8855
-668.7312,95.6945
-669.798,84.8029
-670.8648,88.3876
-671.9316,90.7791
-672.9984,78.449
-674.0652,84.5938
-675.132,56.672
-676.1988,59.2681
-677.2656,96.593
-678.3324,72.9284
-679.3992,81.1478
-680.466,84.579
-681.5328,102.3422
-682.5996,55.5971
-683.6664,56.0231
-684.7332,58.475
-685.8,80.6071
-686.8668,84.9138
-687.9336,59.1433
-689.0004,68.0141
-690.0672,98.7303
-691.134,105.4548
-692.2008,72.3217
-693.2676,75.5793
-694.3344,75.2117
-695.4012,78.294
-696.468,72.5507
-697.5348,80.2638
-698.6016,102.8692
-699.6684,95.8472
-700.7352,95.594
-701.802,74.1242
-702.8688,75.4139
-703.9356,68.0956
-705.0024,85.5311
-706.0692,92.6717
-707.136,90.4494
-708.2028,69.5207
-709.2696,105.0897
-710.3364,97.2514
-711.4032,94.4446
-712.47,87.1834
-713.5368,70.1976
-714.6036,79.4524
-715.6704,78.9708
-716.7372,90.6253
-717.804,91.9518
-718.8708,77.8275
-719.9376,85.5759
-721.0044,100.6059
-722.0712,94.6955
-723.138,83.1869
-724.2048,81.1755
-725.2716,94.5105
-726.3384,79.2016
-727.4052,86.09
-728.472,96.6585
-729.5388,80.7581
-730.6056,72.1792
-731.6724,98.7008
-732.7392,110.4163
-733.806,93.9802
-734.8728,85.225
-735.9396,63.7608
-737.0064,73.5363
-738.0732,107.5791
-739.14,81.0562
-740.2068,57.9348
-741.2736,74.1007
-742.3404,83.7051
-743.4072,82.3469
-744.474,95.0069
-745.5408,90.2769
-746.6076,78.7603
-747.6744,90.9707
-748.7412,95.5922
-749.808,100.2914
-750.8748,100.5801
-751.9416,78.6641
-753.0084,90.9249
-754.0752,53.7233
-755.142,61.5349
-756.2088,81.3145
-757.2756,87.8217
-758.3424,82.2076
-759.4092,70.6798
-760.476,87.3956
-761.5428,80.1552
-762.6096,87.342
-763.6764,84.1802
-764.7432,96.7061
-765.81,95.835
-766.8768,101.6112
-767.9436,89.4428
-769.0104,80.1806
-770.0772,83.2217
-771.144,98.2791
-772.2108,95.3321
-773.2776,100.691
-774.3444,94.9123
-775.4112,95.136
-776.478,93.3828
-777.5448,94.4285
-778.6116,77.1185
-779.6784,79.2928
-780.7452,86.6387
-781.812,93.6999
-782.8788,97.1173
-783.9456,84.7118
-785.0124,94.2917
-786.0792,96.8213
-787.146,98.9497
-788.2128,75.4129
-789.2796,70.238
-790.3464,62.2242
-791.4132,52.6783
-792.48,55.6869
-793.5468,77.9831
-794.6136,69.2775
-795.6804,81.4202
-796.7472,77.7049
-797.814,81.4208
-798.8808,79.9395
-799.9476,76.4839
-801.0144,147.2802
-802.0812,83.249
-803.148,98.2094
-804.2148,93.1937
-805.2816,68.1964
-806.3484,74.8253
-807.4152,90.6463
-808.482,79.5075
-809.5488,83.4072
-810.6156,79.3101
-811.6824,113.352
-812.7492,109.9003
-813.816,102.3518
-814.8828,85.7222
-815.9496,125.38
-817.0164,98.2174
-818.0832,100.973
-819.15,97.8936
-820.2168,87.3994
-821.2836,89.1667
-822.3504,88.2842
-823.4172,75.8367
-824.484,86.2146
-825.5508,58.5041
-826.6176,54.6184
-827.6844,75.896
-828.7512,83.6911
-829.818,52.3747
-830.8848,65.8258
-831.9516,74.681
-833.0184,68.0005
-834.0852,53.5804
-835.152,67.7742
-836.2188,52.8768
-837.2856,52.5979
-838.3524,71.0437
-839.4192,76.9959
-840.486,64.283
-841.5528,96.4295
-842.6196,124.8261
-843.6864,96.379
-844.7532,79.9077
-845.82,100.2366
-846.8868,102.3958
-847.9536,60.0458
-849.0204,44.5341
-850.0872,89.3227
-851.154,108.0366
-852.2208,68.1781
-853.2876,59.9535
-854.3544,78.2306
-855.4212,104.1117
-856.488,112.4822
-857.5548,103.7928
-858.6216,105.9675
-859.6884,101.3131
-860.7552,106.7185
-861.822,95.4337
-862.8888,98.3277
-863.9556,106.4799
-865.0224,110.877
-866.0892,110.4575
-867.156,97.8858
-868.2228,66.8357
-869.2896,63.2154
-870.3564,85.6395
-871.4232,45.4846
-872.49,42.1041
-873.5568,73.2294
-874.6236,87.5742
-875.6904,51.5153
-876.7572,64.0986
-877.824,79.1902
-878.8908,66.1396
-879.9576,54.2081
-881.0244,47.1562
-882.0912,36.5298
-883.158,40.2797
-884.2248,59.6399
-885.2916,56.4917
-886.3584,58.7377
-887.4252,71.8913
-888.492,68.3391
-889.5588,60.6919
-890.6256,135.3167
-891.6924,143.8541
-892.7592,139.9755
-893.826,129.0975
-894.8928,131.2793
-895.9596,138.5235
-897.0264,139.152
-898.0932,130.8345
-899.16,134.1185
-900.2268,145.4886
-901.2936,131.3175
-902.3604,133.2649
-903.4272,139.301
-904.494,109.5427
-905.5608,95.2801
-906.6276,92.3234
-907.6944,129.0089
-908.7612,92.3755
-909.828,119.133
-910.8948,90.1526
-911.9616,63.4135
-913.0284,76.0844
-914.0952,80.7418
-915.162,71.2256
-916.2288,63.5337
-917.2956,62.596
-918.3624,71.0218
-919.4292,93.819
-920.496,88.363
-921.5628,87.8757
-922.6296,104.2979
-923.6964,94.0675
-924.7632,76.7794
-925.83,72.0056
-926.8968,96.8379
-927.9636,78.7203
-929.0304,61.408
-930.0972,68.6791
-931.164,89.7926
-932.2308,84.6993
-933.2976,94.8336
-934.3644,69.6634
-935.4312,77.2668
-936.498,100.4761
-937.5648,56.8695
-938.6316,48.5614
-939.6984,64.1138
-940.7652,80.9635
-941.832,86.3564
-942.8988,50.0285
-943.9656,57.0393
-945.0324,85.8158
-946.0992,101.0888
-947.166,95.3606
-948.2328,90.405
-949.2996,77.9185
-950.3664,78.8861
-951.4332,86.1502
-952.5,96.4362
-953.5668,88.1227
-954.6336,85.4763
-955.7004,92.6146
-956.7672,88.5387
-957.834,77.793
-958.9008,76.2505
-959.9676,73.9348
-961.0344,56.0688
-962.1012,55.5696
-963.168,77.5363
-964.2348,86.6697
-965.3016,80.6996
-966.3684,97.2859
-967.4352,85.5941
-968.502,79.5502
-969.5688,79.1012
-970.6356,88.4214
-971.7024,85.6971
-972.7692,55.7678
-973.836,52.8544
-974.9028,72.0693
-975.9696,92.2915
-977.0364,93.7519
-978.1032,101.1281
-979.17,104.035
-980.2368,84.8447
-981.3036,84.8263
-982.3704,94.2287
-983.4372,70.5126
-984.504,53.1755
-985.5708,50.2458
-986.6376,63.8778
-987.7044,52.8931
-988.7712,53.9439
-989.838,54.6733
-990.9048,52.0117
-991.9716,66.3275
-993.0384,93.8042
-994.1052,86.9588
-995.172,81.7214
-996.2388,96.4832
-997.3056,92.7674
-998.3724,92.1801
-999.4392,104.91
-1000.506,92.5331
-1001.5728,91.209
-1002.6396,99.4042
-1003.7064,71.3801
-1004.7732,56.8884
-1005.84,71.7701
-1006.9068,99.4194
-1007.9736,99.6703
-1009.0404,74.5776
-1010.1072,88.9839
-1011.174,95.6692
-1012.2408,74.3324
-1013.3076,69.084
-1014.3744,85.348
-1015.4412,81.0177
-1016.508,68.5611
-1017.5748,59.9718
-1018.6416,52.4711
-1019.7084,47.2151
-1020.7752,57.4705
-1021.842,48.1523
-1022.9088,102.1577
-1023.9756,61.2857
-1025.0424,64.2412
-1026.1092,79.4672
-1027.176,111.8928
-1028.2428,101.9552
-1029.3096,83.9634
-1030.3764,74.1286
-1031.4432,41.213
-1032.51,36.9263
-1033.5768,46.6691
-1034.6436,104.6503
-1035.7104,60.08
-1036.7772,67.9404
-1037.844,65.4517
-1038.9108,83.8655
-1039.9776,83.5185
-1041.0444,78.8371
-1042.1112,89.1025
-1043.178,77.5243
-1044.2448,50.1473
-1045.3116,68.6514
-1046.3784,94.5497
-1047.4452,85.2565
-1048.512,93.676
-1049.5788,93.3371
-1050.6456,97.6946
-1051.7124,93.7402
-1052.7792,95.0611
-1053.846,89.3636
-1054.9128,82.2456
-1055.9796,44.3837
-1057.0464,43.0229
-1058.1132,44.9416
-1059.18,46.1437
-1060.2468,89.8228
-1061.3136,74.3543
-1062.3804,56.5103
-1063.4472,86.507
-1064.514,90.1313
-1065.5808,92.6566
-1066.6476,56.3559
-1067.7144,39.7206
-1068.7812,74.3327
-1069.848,51.1631
-1070.9148,70.5821
-1071.9816,62.765
-1073.0484,50.1547
-1074.1152,46.6207
-1075.182,44.8156
-1076.2488,45.5213
-1077.3156,93.4248
-1078.3824,93.3832
-1079.4492,87.92
-1080.516,87.6034
-1081.5828,86.7808
-1082.6496,102.5751
-1083.7164,109.7504
-1084.7832,80.2125
-1085.85,86.6986
-1086.9168,86.2772
-1087.9836,81.9089
-1089.0504,85.8956
-1090.1172,45.0852
-1091.184,44.0639
-1092.2508,61.3188
-1093.3176,57.3045
-1094.3844,59.3618
-1095.4512,63.3373
-1096.518,97.5889
-1097.5848,112.2837
-1098.6516,81.8165
-1099.7184,83.6486
-1100.7852,86.4346
-1101.852,58.5993
-1102.9188,72.9657
-1103.9856,91.2174
-1105.0524,86.8018
-1106.1192,97.795
-1107.186,59.9166
-1108.2528,86.9024
-1109.3196,69.7777
-1110.3864,48.8352
-1111.4532,87.156
-1112.52,61.0194
-1113.5868,83.665
-1114.6536,77.8604
-1115.7204,80.3548
-1116.7872,76.946
-1117.854,61.5754
-1118.9208,63.8382
-1119.9876,66.6932
-1121.0544,88.9374
-1122.1212,91.6848
-1123.188,73.7464
-1124.2548,59.4936
-1125.3216,65.9547
-1126.3884,76.3468
-1127.4552,63.6981
-1128.522,122.2102
-1129.5888,85.0763
-1130.6556,91.1618
-1131.7224,72.1965
-1132.7892,74.1488
-1133.856,81.1276
-1134.9228,64.2096
-1135.9896,86.1159
-1137.0564,96.2178
-1138.1232,102.5324
-1139.19,81.1067
-1140.2568,80.8629
-1141.3236,97.8488
-1142.3904,63.8761
-1143.4572,71.3683
-1144.524,69.4597
-1145.5908,88.5028
-1146.6576,90.4566
-1147.7244,66.1696
-1148.7912,61.6465
-1149.858,43.3809
-1150.9248,61.2272
-1151.9916,80.2637
-1153.0584,55.8893
-1154.1252,71.5191
-1155.192,69.1675
-1156.2588,91.6108
-1157.3256,79.9412
-1158.3924,70.2933
-1159.4592,46.8323
-1160.526,55.1094
-1161.5928,74.6089
-1162.6596,78.3982
-1163.7264,98.6497
-1164.7932,89.3563
-1165.86,78.5979
-1166.9268,136.3756
-1167.9936,80.6619
-1169.0604,61.1264
-1170.1272,116.4913
-1171.194,88.4139
-1172.2608,77.2805
-1173.3276,78.8375
-1174.3944,65.8662
-1175.4612,83.2365
-1176.528,88.4549
-1177.5948,83.5209
-1178.6616,54.8712
-1179.7284,70.9581
-1180.7952,95.5406
-1181.862,90.541
-1182.9288,72.6
-1183.9956,71.4536
-1185.0624,62.4827
-1186.1292,58.7752
-1187.196,86.473
-1188.2628,80.9362
-1189.3296,60.7449
-1190.3964,59.5641
-1191.4632,92.7095
-1192.53,76.3729
-1193.5968,73.0758
-1194.6636,82.7588
-1195.7304,80.6406
-1196.7972,90.1114
-1197.864,103.1524
-1198.9308,94.6126
-1199.9976,87.3734
-1201.0644,93.7844
-1202.1312,73.6023
-1203.198,75.1884
-1204.2648,70.0982
-1205.3316,82.0664
-1206.3984,80.1547
-1207.4652,74.7503
-1208.532,73.1918
-1209.5988,83.6471
-1210.6656,102.2775
-1211.7324,83.1637
-1212.7992,61.0214
-1213.866,58.0897
-1214.9328,64.3718
-1215.9996,63.4405
-1217.0664,65.8745
-1218.1332,48.2252
-1219.2,56.8961
-1220.2668,67.0171
-1221.3336,65.9773
-1222.4004,65.1686
-1223.4672,61.6046
-1224.534,54.2785
-1225.6008,89.5914
-1226.6676,98.3247
-1227.7344,86.6347
-1228.8012,92.6398
-1229.868,116.5594
-1230.9348,117.2128
-1232.0016,104.3526
-1233.0684,96.6071
-1234.1352,108.3196
-1235.202,107.1063
-1236.2688,95.705
-1237.3356,92.0433
-1238.4024,92.9798
-1239.4692,92.2671
-1240.536,96.5041
-1241.6028,97.5008
-1242.6696,99.6186
-1243.7364,101.8226
-1244.8032,94.8348
-1245.87,93.2964
-1246.9368,89.7909
-1248.0036,105.9039
-1249.0704,104.7405
-1250.1372,102.0874
-1251.204,111.8885
-1252.2708,94.0434
-1253.3376,68.0177
-1254.4044,69.0071
-1255.4712,73.5062
-1256.538,108.5709
-1257.6048,112.1231
-1258.6716,115.7052
-1259.7384,120.7176
-1260.8052,114.3436
-1261.872,119.5063
-1262.9388,132.7488
-1264.0056,129.4093
-1265.0724,126.4025
-1266.1392,138.5548
-1267.206,126.8727
-1268.2728,117.847
-1269.3396,91.6819
-1270.4064,102.3841
-1271.4732,118.5041
-1272.54,116.3172
-1273.6068,120.3816
-1274.6736,119.6651
-1275.7404,108.8413
-1276.8072,109.0793
-1277.874,131.6384
-1278.9408,134.0121
-1280.0076,136.6536
-1281.0744,139.2333
-1282.1412,141.8306
-1283.208,144.085
-1284.2748,140.3848
-1285.3416,140.0255
-1286.4084,139.6231
-1287.4752,139.2307
-1288.542,138.8346
-1289.6088,138.4397
-1290.6756,138.0449
-1291.7424,137.6502
-1292.8092,137.2546
-1293.876,136.8601
-1294.9428,136.4647
-1296.0096,136.07
-1297.0764,135.6747
-1298.1432,135.2798
-1299.21,134.8848
-1300.2768,134.4898
-1301.3436,134.0948
-1302.4104,133.6998
-1303.4772,133.3048
-1304.544,132.9097
-1305.6108,132.5148
-1306.6776,132.1197
-1307.7444,131.7247
-1308.8112,131.3297
-1309.878,130.9348
-1310.9448,130.5395
-1312.0116,130.145
-1313.0784,129.7707
-1314.1452,129.7854
-1315.212,129.838
-1316.2788,129.8911
-1317.3456,129.944
-1318.4124,129.997
-1319.4792,130.0499
-1320.546,130.1029
-1321.6128,130.1558
-1322.6796,130.2088
-1323.7464,130.2617
-1324.8132,130.3147
-1325.88,130.3677
-1326.9468,130.4206
-1328.0136,130.4736
-1329.0804,130.5266
-1330.1472,130.5795
-1331.214,130.6325
-1332.2808,130.6854
-1333.3476,130.7384
-1334.4144,130.7913
-1335.4812,130.8443
-1336.548,130.8972
-1337.6148,130.9502
-1338.6816,131.0032
-1339.7484,131.0561
-1340.8152,131.1091
-1341.882,131.162
-1342.9488,131.215
-1344.0156,131.268
-1345.0824,131.3209
-1346.1492,131.3739
-1347.216,131.4268
-1348.2828,131.4798
-1349.3496,131.5327
-1350.4164,131.5857
-1351.4832,131.6387
-1352.55,131.6916
-1353.6168,131.7446
-1354.6836,131.7975
-1355.7504,131.8506
-1356.8172,131.9031
-1357.884,132.025
-1358.9508,132.1831
-1360.0176,132.3411
-1361.0844,132.4991
-1362.1512,132.6571
-1363.218,132.8152
-1364.2848,132.9731
-1365.3516,133.1312
-1366.4184,133.2891
-1367.4852,133.4472
-1368.552,133.6051
-1369.6188,133.7633
-1370.6856,133.9208
-1371.7524,134.0763
-1372.8192,133.8831
-1373.886,133.6037
-1374.9528,133.3243
-1376.0196,133.045
-1377.0864,132.7656
-1378.1532,132.4862
-1379.22,132.2068
-1380.2868,131.9275
-1381.3536,131.6481
-1382.4204,131.3687
-1383.4872,131.0894
-1384.554,130.8099
-1385.6208,130.5308
-1386.6876,130.251
-1387.7544,129.972
-1388.8212,129.8966
-1389.888,130.8716
-1390.9548,131.8586
-1392.0216,132.8478
-1393.0884,133.836
-1394.1552,134.8247
-1395.222,135.8131
-1396.2888,136.8017
-1397.3556,137.7902
-1398.4224,138.7788
-1399.4892,139.7673
-1400.556,140.7559
-1401.6228,141.7444
-1402.6896,142.7329
-1403.7564,143.7214
-1404.8232,144.7101
-1405.89,145.698
-1406.9568,146.6909
-1408.0236,147.0051
-1409.0904,146.4729
-1410.1572,145.9483
-1411.224,145.4222
-1412.2908,144.8967
-1413.3576,144.3709
-1414.4244,143.8452
-1415.4912,143.3194
-1416.558,142.7937
-1417.6248,142.268
-1418.6916,141.7423
-1419.7584,141.2166
-1420.8252,140.6909
-1421.892,140.1651
-1422.9588,139.6394
-1424.0256,139.1137
-1425.0924,138.588
-1426.1592,138.0622
-1427.226,137.5365
-1428.2928,137.0108
-1429.3596,136.4851
-1430.4264,135.9593
-1431.4932,135.4336
-1432.56,134.9079
-1433.6268,134.3822
-1434.6936,133.8564
-1435.7604,133.3307
-1436.8272,132.805
-1437.894,132.2793
-1438.9608,131.7535
-1440.0276,131.2278
-1441.0944,130.7021
-1442.1612,130.1764
-1443.228,129.6506
-1444.2948,129.125
-1445.3616,128.5991
-1446.4284,128.0738
-1447.4952,127.5716
-1448.562,127.4237
-1449.6288,127.2997
-1450.6956,127.1764
-1451.7624,127.0527
-1452.8292,126.9292
-1453.896,126.8056
-1454.9628,126.682
-1456.0296,126.5584
-1457.0964,126.4349
-1458.1632,126.3113
-1459.23,126.1878
-1460.2968,126.0642
-1461.3636,125.9406
-1462.4304,125.817
-1463.4972,125.6935
-1464.564,125.5699
-1465.6308,125.4461
-1466.6976,125.382
-1467.7644,125.4617
-1468.8312,125.5405
-1469.898,125.6196
-1470.9648,125.6986
-1472.0316,125.7776
-1473.0984,125.8566
-1474.1652,125.9356
-1475.232,126.0146
-1476.2988,126.0936
-1477.3656,126.1726
-1478.4324,126.2516
-1479.4992,126.3306
-1480.566,126.4096
-1481.6328,126.4886
-1482.6996,126.5676
-1483.7664,126.6466
-1484.8332,126.7256
-1485.9,126.8046
-1486.9668,126.8836
-1488.0336,126.9626
-1489.1004,127.0416
-1490.1672,127.1206
-1491.234,127.1996
-1492.3008,127.2786
-1493.3676,127.3576
-1494.4344,127.4367
-1495.5012,127.5154
-1496.568,127.6423
-1497.6348,127.8005
-1498.7016,127.9585
-1499.7684,128.1165
-1500.8352,128.2745
-1501.902,128.4325
-1502.9688,128.5905
-1504.0356,128.7486
-1505.1024,128.9065
-1506.1692,129.0646
-1507.236,129.2225
-1508.3028,129.3807
-1509.3696,129.5381
-1510.4364,129.6969
-1511.5032,129.5087
-1512.57,129.2119
-1513.6368,128.9153
-1514.7036,128.6188
-1515.7704,128.3222
-1516.8372,128.0257
-1517.904,127.729
-1518.9708,127.4325
-1520.0376,127.1359
-1521.1044,126.8394
-1522.1712,126.5428
-1523.238,126.2463
-1524.3048,125.9497
-1525.3716,125.6531
-1526.4384,125.3566
-1527.5052,125.06
-1528.572,124.7634
-1529.6388,124.4669
-1530.7056,124.1703
-1531.7724,123.8738
-1532.8392,123.5772
-1533.906,123.2806
-1534.9728,122.9841
-1536.0396,122.6875
-1537.1064,122.391
-1538.1732,122.0944
-1539.24,121.7979
-1540.3068,121.5012
-1541.3736,121.2043
-1542.4404,121.0404
-1543.5072,121.2631
-1544.574,121.4841
-1545.6408,121.7059
-1546.7076,121.9274
-1547.7744,122.149
-1548.8412,122.3705
-1549.908,122.5921
-1550.9748,122.8137
-1552.0416,123.0352
-1553.1084,123.2568
-1554.1752,123.4784
-1555.242,123.6999
-1556.3088,123.9215
-1557.3756,124.1431
-1558.4424,124.3646
-1559.5092,124.5862
-1560.576,124.8078
-1561.6428,125.0295
-1562.7096,125.2502
-1563.7764,125.5877
-1564.8432,126.0368
-1565.91,126.4849
-1566.9768,126.9333
-1568.0436,127.3815
-1569.1104,127.8299
-1570.1772,128.278
-1571.244,128.7266
-1572.3108,129.1742
-1573.3776,129.624
-1574.4444,129.6158
-1575.5112,129.4575
-1576.578,129.2994
-1577.6448,129.1415
-1578.7116,128.9834
-1579.7784,128.8255
-1580.8452,128.6674
-1581.912,128.5094
-1582.9788,128.3514
-1584.0456,128.1934
-1585.1124,128.0354
-1586.1792,127.8774
-1587.246,127.7196
-1588.3128,127.5657
-1589.3796,127.5468
-1590.4464,127.5467
-1591.5132,127.5468
-1592.58,127.5467
-1593.6468,127.5468
-1594.7136,127.5467
-1595.7804,127.5469
-1596.8472,127.5466
-1597.914,127.547
-1598.9808,127.5464
-1600.0476,127.5472
-1601.1144,127.7209
-1602.1812,129.0503
-1603.248,130.4079
-1604.3148,131.7679
-1605.3816,133.1267
-1606.4484,134.4862
-1607.5152,135.8453
-1608.582,137.2046
-1609.6488,138.5638
-1610.7156,139.9231
-1611.7824,141.2823
-1612.8492,142.6415
-1613.916,144.0007
-1614.9828,145.36
-1616.0496,146.7192
-1617.1164,148.0786
-1618.1832,149.4372
-1619.25,150.8014
-1620.3168,151.2945
-1621.3836,150.4814
-1622.4504,149.6801
-1623.5172,148.8763
-1624.584,148.0734
-1625.6508,147.27
-1626.7176,146.467
-1627.7844,145.6637
-1628.8512,144.8606
-1629.918,144.0574
-1630.9848,143.2542
-1632.0516,142.451
-1633.1184,141.6478
-1634.1852,140.8446
-1635.252,140.0414
-1636.3188,139.2382
-1637.3856,138.435
-1638.4524,137.6319
-1639.5192,136.8287
-1640.586,136.0255
-1641.6528,135.2223
-1642.7196,134.4191
-1643.7864,133.6159
-1644.8532,132.8127
-1645.92,132.0096
-1646.9868,131.2063
-1648.0536,130.4032
-1649.1204,129.6
-1650.1872,128.7968
-1651.254,127.9936
-1652.3208,127.1905
-1653.3876,126.3871
-1654.4544,125.5842
-1655.5212,124.7806
-1656.588,123.9783
-1657.6548,123.2155
-1658.7216,123.1724
-1659.7884,123.1715
-1660.8552,123.1719
-1661.922,123.1716
-1662.9888,123.1718
-1664.0556,123.1829
-1665.1224,123.2724
-1666.1892,123.3641
-1667.256,123.4559
-1668.3228,123.5477
-1669.3896,123.6395
-1670.4564,123.7313
-1671.5232,123.8231
-1672.59,123.9149
-1673.6568,124.0067
-1674.7236,124.0985
-1675.7904,124.1903
-1676.8572,124.2821
-1677.924,124.3738
-1678.9908,124.4656
-1680.0576,124.5574
-1681.1244,124.6492
-1682.1912,124.741
-1683.258,124.8328
-1684.3248,124.9246
-1685.3916,125.0164
-1686.4584,125.1081
-1687.5252,125.2
-1688.592,125.2923
-1689.6588,125.1894
-1690.7256,124.5409
-1691.7924,123.8953
-1692.8592,123.2485
-1693.926,122.6022
-1694.9928,121.9557
-1696.0596,121.3093
-1697.1264,120.6628
-1698.1932,120.0163
-1699.26,119.3698
-1700.3268,118.7234
-1701.3936,118.0769
-1702.4604,117.4304
-1703.5272,116.784
-1704.594,116.1375
-1705.6608,115.491
-1706.7276,114.8446
-1707.7944,114.1981
-1708.8612,113.5516
-1709.928,112.9052
-1710.9948,112.2587
-1712.0616,111.6122
-1713.1284,110.9657
-1714.1952,110.3193
-1715.262,109.6728
-1716.3288,109.0263
-1717.3956,108.3799
-1718.4624,107.7334
-1719.5292,107.087
-1720.596,106.4404
-1721.6628,105.794
-1722.7296,105.1475
-1723.7964,104.5012
-1724.8632,103.8545
-1725.93,103.2083
-1726.9968,102.5613
-1728.0636,101.9159
-1729.1304,101.3684
-1730.1972,101.8934
-1731.264,102.4629
-1732.3308,103.0345
-1733.3976,103.605
-1734.4644,104.1761
-1735.5312,104.7469
-1736.598,105.3179
-1737.6648,105.8887
-1738.7316,106.4597
-1739.7984,107.0306
-1740.8652,107.6015
-1741.932,108.1724
-1742.9988,108.7433
-1744.0656,109.3142
-1745.1324,109.8851
-1746.1992,110.456
-1747.266,111.0269
-1748.3328,111.5978
-1749.3996,112.1687
-1750.4664,112.7396
-1751.5332,113.3106
-1752.6,113.8815
-1753.6668,114.4524
-1754.7336,115.0233
-1755.8004,115.5942
-1756.8672,116.1651
-1757.934,116.736
-1759.0008,117.3069
-1760.0676,117.8778
-1761.1344,118.4487
-1762.2012,119.0196
-1763.268,119.5905
-1764.3348,120.1614
-1765.4016,120.7323
-1766.4684,121.3033
-1767.5352,121.8742
-1768.602,122.4451
-1769.6688,123.016
-1770.7356,123.5869
-1771.8024,124.1578
-1772.8692,124.7287
-1773.936,125.2996
-1775.0028,125.8705
-1776.0696,126.4414
-1777.1364,127.0123
-1778.2032,127.5832
-1779.27,128.1541
-1780.3368,128.7251
-1781.4036,129.296
-1782.4704,129.8669
-1783.5372,130.4378
-1784.604,131.0087
-1785.6708,131.5796
-1786.7376,132.1505
-1787.8044,132.7214
-1788.8712,133.2923
-1789.938,133.8632
-1791.0048,134.4341
-1792.0716,135.0051
-1793.1384,135.5759
-1794.2052,136.1469
-1795.272,136.7177
-1796.3388,137.2888
-1797.4056,137.8592
-1798.4724,138.4187
-1799.5392,138.5844
-1800.606,138.6955
-1801.6728,138.8061
-1802.7396,138.917
-1803.8064,139.0277
-1804.8732,139.1385
-1805.94,139.2493
-1807.0068,139.3601
-1808.0736,139.4709
-1809.1404,139.5817
-1810.2072,139.6924
-1811.274,139.8032
-1812.3408,139.914
-1813.4076,140.0248
-1814.4744,140.1356
-1815.5412,140.2464
-1816.608,140.3571
-1817.6748,140.468
-1818.7416,140.5787
-1819.8084,140.6143
-1820.8752,140.2857
-1821.942,139.9539
-1823.0088,139.6214
-1824.0756,139.2891
-1825.1424,138.9567
-1826.2092,138.6244
-1827.276,138.292
-1828.3428,137.9597
-1829.4096,137.6273
-1830.4764,137.295
-1831.5432,136.9626
-1832.61,136.6302
-1833.6768,136.2979
-1834.7436,135.9655
-1835.8104,135.6332
-1836.8772,135.3008
-1837.944,134.9685
-1839.0108,134.6362
-1840.0776,134.3032
-1841.1444,134.081
-1842.2112,134.0167
-1843.278,133.9509
-1844.3448,133.8854
-1845.4116,133.8198
-1846.4784,133.7542
-1847.5452,133.6887
-1848.612,133.6231
-1849.6788,133.5575
-1850.7456,133.492
-1851.8124,133.4264
-1852.8792,133.3608
-1853.946,133.2953
-1855.0128,133.2297
-1856.0796,133.1641
-1857.1464,133.0986
-1858.2132,133.033
-1859.28,132.9674
-1860.3468,132.9019
-1861.4136,132.8363
-1862.4804,132.7707
-1863.5472,132.7052
-1864.614,132.6396
-1865.6808,132.574
-1866.7476,132.5085
-1867.8144,132.4429
-1868.8812,132.3774
-1869.948,132.3117
-1871.0148,132.2462
-1872.0816,132.1806
-1873.1484,132.1152
-1874.2152,132.0493
-1875.282,131.9844
-1876.3488,131.9853
-1877.4156,132.6614
-1878.4824,133.3633
-1879.5492,134.0665
-1880.616,134.7691
-1881.6828,135.472
-1882.7496,136.1747
-1883.8164,136.8775
-1884.8832,137.5803
-1885.95,138.2831
-1887.0168,138.9859
-1888.0836,139.6887
-1889.1504,140.3915
-1890.2172,141.0942
-1891.284,141.7971
-1892.3508,142.4998
-1893.4176,143.2027
-1894.4844,143.9054
-1895.5512,144.6082
-1896.618,145.3109
-1897.6848,146.0138
-1898.7516,146.7171
-1899.8184,147.235
-1900.8852,147.2337
-1901.952,147.2345
-1903.0188,147.2341
-1904.0856,147.2343
-1905.1524,147.2342
-1906.2192,147.2343
-1907.286,147.2342
-1908.3528,147.2343
-1909.4196,147.2342
-1910.4864,147.2343
-1911.5532,147.2343
-1912.62,147.2343
-1913.6868,147.2343
-1914.7536,147.2343
-1915.8204,147.2343
-1916.8872,147.2343
-1917.954,147.2343
-1919.0208,147.2342
-1920.0876,147.2343
-1921.1544,147.2342
-1922.2212,147.2345
-1923.288,147.1745
-1924.3548,147.0891
-1925.4216,147.0038
-1926.4884,146.9185
-1927.5552,146.8332
-1928.622,146.7479
-1929.6888,146.6626
-1930.7556,146.5773
-1931.8224,146.492
-1932.8892,146.4067
-1933.956,146.3214
-1935.0228,146.2361
-1936.0896,146.1508
-1937.1564,146.0655
-1938.2232,145.9803
-1939.29,145.8949
-1940.3568,145.8096
-1941.4236,145.7243
-1942.4904,145.6391
-1943.5572,145.5538
-1944.624,145.4685
-1945.6908,145.3832
-1946.7576,145.2979
-1947.8244,145.2126
-1948.8912,145.1273
-1949.958,145.0498
-1951.0248,145.0468
-1952.0916,145.0467
-1953.1584,145.0468
-1954.2252,145.0467
-1955.292,145.0468
-1956.3588,145.0468
-1957.4256,145.0468
-1958.4924,145.0468
-1959.5592,145.0468
-1960.626,145.0468
-1961.6928,145.0468
-1962.7596,145.0468
-1963.8264,145.0468
-1964.8932,145.0468
-1965.96,145.0468
-1967.0268,145.0468
-1968.0936,145.0468
-1969.1604,145.0468
-1970.2272,145.0468
-1971.294,145.0468
-1972.3608,145.0468
-1973.4276,145.0468
-1974.4944,145.0468
-1975.5612,145.0468
-1976.628,145.0468
-1977.6948,145.0468
-1978.7616,145.0468
-1979.8284,145.0468
-1980.8952,145.0468
-1981.962,145.0468
-1983.0288,145.0468
-1984.0956,145.0468
-1985.1624,145.0468
-1986.2292,145.0468
-1987.296,145.0468
-1988.3628,145.0468
-1989.4296,145.0468
-1990.4964,145.0468
-1991.5632,145.0468
-1992.63,145.0468
-1993.6968,145.0468
-1994.7636,145.0468
-1995.8304,145.0467
-1996.8972,145.0468
-1997.964,145.0467
-1999.0308,145.0468
-2000.0976,145.0467
-2001.1644,145.0468
-2002.2312,145.0466
-2003.298,145.0422
-2004.3648,144.8655
-2005.4316,144.6691
-2006.4984,144.4725
-2007.5652,144.276
-2008.632,144.0795
-2009.6988,143.8829
-2010.7656,143.6864
-2011.8324,143.4899
-2012.8992,143.2934
-2013.966,143.0963
-2015.0328,142.9013
-2016.0996,142.7027
-2017.1664,142.5087
-2018.2332,142.309
-2019.3,142.1164
-2020.3668,141.9147
-2021.4336,141.7253
-2022.5004,141.5185
-2023.5672,141.338
-2024.634,141.1132
-2025.7008,140.9803
-2026.7676,140.6243
-2027.8344,162.6956
-2028.9012,161.4239
-2029.968,160.5081
-2031.0348,159.4958
-2032.1016,158.5292
-2033.1684,157.5358
-2034.2352,156.5601
-2035.302,155.5719
-2036.3688,154.5929
-2037.4356,153.6071
-2038.5024,152.624
-2039.5692,152.0685
-2040.636,152.0744
-2041.7028,152.073
-2042.7696,152.0733
-2043.8364,152.0732
-2044.9032,152.0732
-2045.97,152.0732
-2047.0368,152.0732
-2048.1036,152.0732
-2049.1704,152.0732
-2050.2372,152.0732
-2051.304,152.0732
-2052.3708,152.0732
-2053.4376,152.0732
-2054.5044,152.073
-2055.5712,152.0747
-2056.638,151.8065
-2057.7048,151.1816
-2058.7716,150.5599
-2059.8384,149.9376
-2060.9052,149.3155
-2061.972,148.6933
-2063.0388,148.0711
-2064.1056,147.4489
-2065.1724,146.8268
-2066.2392,146.2046
-2067.306,145.5824
-2068.3728,144.9603
-2069.4396,144.3381
-2070.5064,143.7159
-2071.5732,143.0938
-2072.64,142.4716
-2073.7068,141.8494
-2074.7736,141.2273
-2075.8404,140.6051
-2076.9072,139.983
-2077.974,139.3607
-2079.0408,138.7386
-2080.1076,138.1164
-2081.1744,137.494
-2082.2412,136.9251
-2083.308,136.4074
-2084.3748,135.888
-2085.4416,135.3717
-2086.5084,134.8464
-2087.5752,135.6824
-2088.642,137.0097
-2089.7088,138.3358
-2090.7756,139.6615
-2091.8424,140.9876
-2092.9092,142.3134
-2093.976,143.6395
-2095.0428,144.9653
-2096.1096,146.2913
-2097.1764,147.6172
-2098.2432,148.9432
-2099.31,150.2691
-2100.3768,151.595
-2101.4436,152.9209
-2102.5104,154.2469
-2103.5772,155.5728
-2104.644,156.8988
-2105.7108,158.2246
-2106.7776,159.5507
-2107.8444,160.8764
-2108.9112,162.2025
-2109.978,163.5308
-2111.0448,164.1392
-2112.1116,162.9402
-2113.1784,161.7535
-2114.2452,160.5631
-2115.312,159.374
-2116.3788,158.1846
-2117.4456,157.0191
-2118.5124,156.1416
-2119.5792,155.2772
-2120.646,154.4131
-2121.7128,153.549
-2122.7796,152.6849
-2123.8464,151.8208
-2124.9132,150.9567
-2125.98,150.0925
-2127.0468,149.2284
-2128.1136,148.3642
-2129.1804,147.5002
-2130.2472,146.6358
-2131.314,145.7724
-2132.3808,144.9057
-2133.4476,144.4459
-2134.5144,144.1734
-2135.5812,143.9002
-2136.648,143.6269
-2137.7148,143.3537
-2138.7816,143.0804
-2139.8484,142.8072
-2140.9152,142.5339
-2141.982,142.2607
-2143.0488,141.9874
-2144.1156,141.7142
-2145.1824,141.4409
-2146.2492,141.1677
-2147.316,140.8944
-2148.3828,140.6211
-2149.4496,140.3479
-2150.5164,140.0747
-2151.5832,139.8014
-2152.65,139.5282
-2153.7168,139.2549
-2154.7836,138.9817
-2155.8504,138.7084
-2156.9172,138.4352
-2157.984,138.1619
-2159.0508,137.8887
-2160.1176,137.6157
-2161.1844,137.338
-2162.2512,137.8647
-2163.318,139.3683
-2164.3848,139.6041
-2165.4516,139.5179
-2166.5184,139.4309
-2167.5852,139.3449
-2168.652,139.2582
-2169.7188,139.172
-2170.7856,139.0854
-2171.8524,138.9991
-2172.9192,138.9127
-2173.986,138.8263
-2175.0528,138.7398
-2176.1196,138.6535
-2177.1864,138.567
-2178.2532,138.4806
-2179.32,138.3942
-2180.3868,138.3078
-2181.4536,138.2214
-2182.5204,138.135
-2183.5872,138.0486
-2184.654,137.9622
-2185.7208,137.8757
-2186.7876,137.7894
-2187.8544,137.7029
-2188.9212,137.6166
-2189.988,137.53
-2191.0548,137.4439
-2192.1216,137.3568
-2193.1884,137.2715
-2194.2552,137.3782
-2195.322,138.9019
-2196.3888,140.4553
-2197.4556,142.0116
-2198.5224,143.5666
-2199.5892,145.1222
-2200.656,146.6775
-2201.7228,148.2329
-2202.7896,149.7885
-2203.8564,151.3437
-2204.9232,152.8995
-2205.99,154.4542
-2207.0568,156.011
-2208.1236,157.5626
-2209.1904,159.1294
-2210.2572,158.276
-2211.324,156.6168
-2212.3908,154.9589
-2213.4576,153.3019
-2214.5244,151.6442
-2215.5912,149.987
-2216.658,148.3294
-2217.7248,146.6721
-2218.7916,145.0146
-2219.8584,143.3573
-2220.9252,141.6998
-2221.992,140.0425
-2223.0588,138.385
-2224.1256,136.7276
-2225.1924,135.0701
-2226.2592,133.4128
-2227.326,131.7553
-2228.3928,130.098
-2229.4596,128.4404
-2230.5264,126.7832
-2231.5932,125.1257
-2232.66,123.4657
-2233.7268,122.5168
-2234.7936,123.2281
-2235.8604,123.9268
-2236.9272,124.6291
-2237.994,125.3299
-2239.0608,126.0315
-2240.1276,126.7326
-2241.1944,127.434
-2242.2612,128.1352
-2243.328,128.8365
-2244.3948,129.5378
-2245.4616,130.2391
-2246.5284,130.9403
-2247.5952,131.6417
-2248.662,132.343
-2249.7288,133.0443
-2250.7956,133.7455
-2251.8624,134.4468
-2252.9292,135.1481
-2253.996,135.8494
-2255.0628,136.5507
-2256.1296,137.252
-2257.1964,137.9533
-2258.2632,138.6546
-2259.33,139.3559
-2260.3968,140.0571
-2261.4636,140.7584
-2262.5304,141.4597
-2263.5972,142.161
-2264.664,142.8624
-2265.7308,143.5632
-2266.7976,144.2675
-2267.8644,144.5312
-2268.9312,144.3066
-2269.998,144.0862
-2271.0648,143.865
-2272.1316,143.6441
-2273.1984,143.4231
-2274.2652,143.2021
-2275.332,142.9811
-2276.3988,142.7602
-2277.4656,142.5392
-2278.5324,142.3182
-2279.5992,142.0972
-2280.666,141.8762
-2281.7328,141.6552
-2282.7996,141.4342
-2283.8664,141.2132
-2284.9332,140.9923
-2286,140.7712
-2287.0668,140.5504
-2288.1336,140.3291
-2289.2004,140.1087
-2290.2672,139.8865
-2291.334,139.5819
-2292.4008,138.2479
-2293.4676,136.8666
-2294.5344,135.4834
-2295.6012,134.1011
-2296.668,132.7184
-2297.7348,131.3358
-2298.8016,129.9533
-2299.8684,128.5706
-2300.9352,127.1882
-2302.002,125.8053
-2303.0688,124.4232
-2304.1356,123.0395
-2305.2024,121.6598
-2306.2692,120.2651
-2307.336,120.7692
-2308.4028,122.1554
-2309.4696,123.538
-2310.5364,124.9204
-2311.6032,126.3031
-2312.67,127.6856
-2313.7368,129.0683
-2314.8036,130.4508
-2315.8704,131.8335
-2316.9372,133.216
-2318.004,134.5987
-2319.0708,135.9812
-2320.1376,137.3637
-2321.2044,138.7479
-2322.2712,139.7597
-2323.338,140.0025
-2324.4048,140.2522
-2325.4716,140.5002
-2326.5384,140.7489
-2327.6052,140.9973
-2328.672,141.2458
-2329.7388,141.4943
-2330.8056,141.7428
-2331.8724,141.9913
-2332.9392,142.2398
-2334.006,142.4883
-2335.0728,142.7368
-2336.1396,142.9852
-2337.2064,143.2337
-2338.2732,143.4822
-2339.34,143.7307
-2340.4068,143.9792
-2341.4736,144.2277
-2342.5404,144.4761
-2343.6072,144.7246
-2344.674,144.9731
-2345.7408,145.2216
-2346.8076,145.4701
-2347.8744,145.7186
-2348.9412,145.967
-2350.008,146.2155
-2351.0748,146.464
-2352.1416,146.7125
-2353.2084,146.961
-2354.2752,147.2095
-2355.342,147.4579
-2356.4088,147.7065
-2357.4756,147.9549
-2358.5424,148.2034
-2359.6092,148.4519
-2360.676,148.7003
-2361.7428,148.949
-2362.8096,149.1968
-2363.8764,149.451
-2364.9432,148.7194
-2366.01,146.5389
-2367.0768,144.3717
-2368.1436,142.2017
-2369.2104,140.0328
-2370.2772,137.8634
-2371.344,135.6943
-2372.4108,133.525
-2373.4776,131.3558
-2374.5444,129.1865
-2375.6112,127.0173
-2376.678,124.848
-2377.7448,122.6789
-2378.8116,120.5093
-2379.8784,118.3414
-2380.9452,116.1604
-2382.012,116.0334
-2383.0788,119.0014
-2384.1456,121.9411
-2385.2124,124.8867
-2386.2792,127.8299
-2387.346,130.7742
-2388.4128,133.718
-2389.4796,136.6621
-2390.5464,139.6059
-2391.6132,142.55
-2392.68,145.4939
-2393.7468,148.4379
-2394.8136,151.3818
-2395.8804,154.326
-2396.9472,157.2687
-2398.014,160.2248
-2399.0808,161.0111
-2400.1476,158.4454
-2401.2144,155.9102
-2402.2812,153.3691
-2403.348,150.8298
-2404.4148,148.29
-2405.4816,145.75
-2406.5484,143.2108
-2407.6152,140.67
-2408.682,138.1322
-2409.7488,135.5885
-2410.8156,133.0588
-2411.8824,130.4818
-2412.9492,134.1929
-2414.016,140.542
-2415.0828,146.9092
-2416.1496,150.2274
-2417.2164,151.2988
-2418.2832,152.3847
-2419.35,153.4691
-2420.4168,154.5542
-2421.4836,155.6381
-2422.5504,156.7236
-2423.6172,157.807
-2424.684,158.8932
-2425.7508,159.9756
-2426.8176,161.0634
-2427.8844,162.1436
-2428.9512,163.235
-2430.018,164.3079
-2431.0848,165.4158
-2432.1516,166.5983
-2433.2184,175.1245
-2434.2852,167.2498
-2435.352,159.5839
-2436.4188,151.8654
-2437.4856,144.1707
-2438.5524,136.4626
-2439.6192,128.7628
-2440.686,121.0577
-2441.7528,113.3558
-2442.8196,105.6528
-2443.8864,97.9478
-2444.9532,90.2522
-2446.02,82.5167
-2447.0868,80.2097
-2448.1536,80.316
-2449.2204,80.4129
-2450.2872,80.5094
-2451.354,80.6068
-2452.4208,80.7034
-2453.4876,80.8007
-2454.5544,80.8974
-2455.6212,80.9946
-2456.688,81.0914
-2457.7548,81.1885
-2458.8216,81.2854
-2459.8884,81.3824
-2460.9552,81.4794
-2462.022,81.5764
-2463.0888,81.6734
-2464.1556,81.7703
-2465.2224,81.8674
-2466.2892,81.9642
-2467.356,82.0614
-2468.4228,82.1581
-2469.4896,82.2554
-2470.5564,82.352
-2471.6232,82.4496
-2472.69,82.5457
-2473.7568,82.4214
-2474.8236,80.8795
-2475.8904,79.314
-2476.9572,77.7458
-2478.024,76.1786
-2479.0908,74.6111
-2480.1576,73.0435
-2481.2244,71.4758
-2482.2912,70.1432
-2483.358,69.7192
-2484.4248,69.2921
-2485.4916,68.867
-2486.5584,68.441
-2487.6252,68.0155
-2488.692,67.5897
-2489.7588,67.164
-2490.8256,66.7383
-2491.8924,66.3126
-2492.9592,65.8869
-2494.026,65.4612
-2495.0928,65.0355
-2496.1596,64.6098
-2497.2264,64.1842
-2498.2932,63.7583
-2499.36,63.3331
-2500.4268,62.9058
-2501.4936,62.7911
-2502.5604,62.7914
-2503.6272,62.7915
-2504.694,62.7914
-2505.7608,62.7915
-2506.8276,62.7914
-2507.8944,62.7915
-2508.9612,62.7914
-2510.028,62.7914
-2511.0948,62.7914
-2512.1616,62.7914
-2513.2284,62.7914
-2514.2952,62.7914
-2515.362,62.7914
-2516.4288,62.7914
-2517.4956,62.7914
-2518.5624,62.7914
-2519.6292,62.7914
-2520.696,62.7914
-2521.7628,62.7914
-2522.8296,62.7914
-2523.8964,62.7914
-2524.9632,62.7914
-2526.03,62.7914
-2527.0968,62.7914
-2528.1636,62.7915
-2529.2304,62.7914
-2530.2972,62.7914
-2531.364,62.7915
-2532.4308,62.7908
-2533.4976,62.9187
-2534.5644,63.2661
-2535.6312,63.6114
-2536.698,63.9572
-2537.7648,64.3028
-2538.8316,64.6484
-2539.8984,64.9941
-2540.9652,65.3397
-2542.032,65.6854
-2543.0988,66.031
-2544.1656,66.3767
-2545.2324,66.7222
-2546.2992,67.0681
-2547.366,67.4133
-2548.4328,67.7271
-2549.4996,67.6292
-2550.5664,67.5104
-2551.6332,67.3909
-2552.7,67.2717
-2553.7668,67.1524
-2554.8336,67.0331
-2555.9004,66.9138
-2556.9672,66.7945
-2558.034,66.6752
-2559.1008,66.5559
-2560.1676,66.4366
-2561.2344,66.3173
-2562.3012,66.198
-2563.368,66.0787
-2564.4348,65.9595
-2565.5016,65.8401
-2566.5684,65.7209
-2567.6352,65.6015
-2568.702,65.4823
-2569.7688,65.3632
-2570.8356,65.1374
-2571.9024,64.5586
-2572.9692,63.9815
-2574.036,63.4035
-2575.1028,62.8259
-2576.1696,62.2481
-2577.2364,61.6704
-2578.3032,61.0927
-2579.37,60.515
-2580.4368,59.9372
-2581.5036,59.3595
-2582.5704,58.7819
-2583.6372,58.2019
-2584.704,58.1067
-2585.7708,58.9067
-2586.8376,59.6984
-2587.9044,60.4918
-2588.9712,61.2847
-2590.038,62.0775
-2591.1048,62.8218
-2592.1716,63.2146
-2593.2384,63.6003
-2594.3052,63.9851
-2595.372,64.3707
-2596.4388,64.7549
-2597.5056,65.1443
-2598.5724,64.9303
-2599.6392,64.4104
-2600.706,63.892
-2601.7728,63.3736
-2602.8396,62.8551
-2603.9064,62.3366
-2604.9732,61.8181
-2606.04,61.2997
-2607.1068,60.7812
-2608.1736,60.2627
-2609.2404,59.7442
-2610.3072,59.2258
-2611.374,58.7073
-2612.4408,58.1888
-2613.5076,57.6704
-2614.5744,57.1518
-2615.6412,56.6334
-2616.708,56.1149
-2617.7748,55.5965
-2618.8416,55.0779
-2619.9084,54.5597
-2620.9752,54.0407
-2622.042,53.5235
-2623.1088,53.0012
-2624.1756,53.2884
-2625.2424,53.8507
-2626.3092,54.4125
-2627.376,54.974
-2628.4428,55.5358
-2629.5096,56.0974
-2630.5764,56.6591
-2631.6432,57.2208
-2632.71,57.7825
-2633.7768,58.3442
-2634.8436,58.9058
-2635.9104,59.4675
-2636.9772,60.0292
-2638.044,60.591
-2639.1108,61.1524
-2640.1776,61.7145
-2641.2444,62.2756
-2642.3112,62.7601
-2643.378,62.6037
-2644.4448,62.4318
-2645.5116,62.2586
-2646.5784,62.086
-2647.6452,61.9131
-2648.712,61.7403
-2649.7788,61.5674
-2650.8456,61.3947
-2651.9124,61.2218
-2652.9792,61.049
-2654.046,60.8761
-2655.1128,60.7034
-2656.1796,60.5302
-2657.2464,60.3586
-2658.3132,59.9623
-2659.38,59.4849
-2660.4468,59.0077
-2661.5136,58.5305
-2662.5804,58.0533
-2663.6472,57.5761
-2664.714,57.099
-2665.7808,56.6218
-2666.8476,56.1445
-2667.9144,55.6675
-2668.9812,55.1902
-2670.048,54.7131
-2671.1148,54.2358
-2672.1816,53.7588
-2673.2484,53.2814
-2674.3152,52.8046
-2675.382,52.3268
-2676.4488,51.8506
-2677.5156,51.3716
-2678.5824,50.8985
-2679.6492,50.527
-2680.716,53.0829
-2681.7828,55.9296
-2682.8496,58.7852
-2683.9164,61.6326
-2684.9832,64.4893
-2686.05,67.3347
-2687.1168,70.1944
-2688.1836,73.0349
-2689.2504,75.9003
-2690.3172,79.3836
-2691.384,84.0796
-2692.4508,88.4311
-2693.5176,114.0958
-2694.5844,112.0187
-2695.6512,109.8427
-2696.718,110.094
-2697.7848,124.3351
-2698.8516,126.6105
-2699.9184,126.0296
-2700.9852,124.0099
-2702.052,121.8501
-2703.1188,119.8134
-2704.1856,118.2902
-2705.2524,117.6214
-2706.3192,118.0445
-2707.386,119.3657
-2708.4528,121.077
-2709.5196,122.6275
-2710.5864,123.9956
-2711.6532,124.7487
-2712.72,124.8953
-2713.7868,124.4235
-2714.8536,124.1452
-2715.9204,124.7632
-2716.9872,125.8014
-2718.054,125.111
-2719.1208,120.205
-2720.1876,111.499
-2721.2544,102.8254
-2722.3212,99.16
-2723.388,102.1713
-2724.4548,109.9693
-2725.5216,118.2149
-2726.5884,122.8952
-2727.6552,123.3243
-2728.722,122.2839
-2729.7888,121.4347
-2730.8556,121.3248
-2731.9224,121.8073
-2732.9892,122.4333
-2734.056,122.8261
-2735.1228,122.6999
-2736.1896,121.7227
-2737.2564,120.3287
-2738.3232,119.7447
-2739.39,120.641
-2740.4568,122.7826
-2741.5236,125.2177
-2742.5904,126.915
-2743.6572,127.2911
-2744.724,126.3475
-2745.7908,124.6206
-2746.8576,123.3871
-2747.9244,123.1698
-2748.9912,123.6379
-2750.058,124.1271
-2751.1248,124.5428
-2752.1916,125.4148
-2753.2584,126.8464
-2754.3252,127.9494
-2755.392,128.01
-2756.4588,127.6545
-2757.5256,127.1033
-2758.5924,125.6533
-2759.6592,122.7004
-2760.726,118.6849
-2761.7928,115.3714
-2762.8596,114.3833
-2763.9264,115.0308
-2764.9932,115.9754
-2766.06,116.5951
-2767.1268,117.7642
-2768.1936,120.2281
-2769.2604,123.3214
-2770.3272,125.0444
-2771.394,124.0219
-2772.4608,121.8433
-2773.5276,120.5366
-2774.5944,119.8991
-2775.6612,118.9832
-2776.728,117.6272
-2777.7948,116.6805
-2778.8616,117.3755
-2779.9284,119.9827
-2780.9952,122.8967
-2782.062,125.0158
-2783.1288,125.9122
-2784.1956,125.2605
-2785.2624,122.8659
-2786.3292,119.2106
-2787.396,115.7711
-2788.4628,113.8644
-2789.5296,113.4959
-2790.5964,112.8719
-2791.6632,110.4691
-2792.73,106.6738
-2793.7968,103.3468
-2794.8636,102.8686
-2795.9304,106.5212
-2796.9972,112.955
-2798.064,117.6291
-2799.1308,116.713
-2800.1976,110.2151
-2801.2644,100.8043
-2802.3312,91.6196
-2803.398,84.5021
-2804.4648,79.596
-2805.5316,75.6914
-2806.5984,72.579
-2807.6652,72.1295
-2808.732,75.453
-2809.7988,82.1298
-2810.8656,89.7335
-2811.9324,95.5741
-2812.9992,98.0871
-2814.066,97.4139
-2815.1328,95.1236
-2816.1996,93.2911
-2817.2664,92.6241
-2818.3332,92.499
-2819.4,92.7648
-2820.4668,94.3527
-2821.5336,98.3341
-2822.6004,104.3839
-2823.6672,110.496
-2824.734,114.2431
-2825.8008,115.276
-2826.8676,114.5811
-2827.9344,111.8112
-2829.0012,107.8511
-2830.068,105.4322
-2831.1348,106.7654
-2832.2016,110.3884
-2833.2684,114.0877
-2834.3352,116.314
-2835.402,115.6895
-2836.4688,112.292
-2837.5356,107.9765
-2838.6024,105.479
-2839.6692,106.3213
-2840.736,109.4098
-2841.8028,112.0169
-2842.8696,114.2029
-2843.9364,116.7967
-2845.0032,119.3619
-2846.07,120.2745
-2847.1368,121.6647
-2848.2036,126.2963
-2849.2704,121.9222
-2850.3372,115.5708
-2851.404,111.2615
-2852.4708,112.0854
-2853.5376,117.7156
-2854.6044,124.6906
-2855.6712,129.1833
-2856.738,129.3687
-2857.8048,125.8357
-2858.8716,119.4901
-2859.9384,112.8721
-2861.0052,108.8326
-2862.072,108.6114
-2863.1388,111.7425
-2864.2056,116.4803
-2865.2724,121.0339
-2866.3392,124.7705
-2867.406,127.5653
-2868.4728,128.6593
-2869.5396,128.007
-2870.6064,125.4293
-2871.6732,120.8722
-2872.74,114.1285
-2873.8068,105.5335
-2874.8736,97.6718
-2875.9404,94.3691
-2877.0072,97.0396
-2878.074,104.1572
-2879.1408,112.5252
-2880.2076,119.3784
-2881.2744,123.4548
-2882.3412,125.1382
-2883.408,125.9809
-2884.4748,127.4918
-2885.5416,129.5803
-2886.6084,131.1339
-2887.6752,131.6617
-2888.742,131.5128
-2889.8088,131.0903
-2890.8756,130.5406
-2891.9424,130.0034
-2893.0092,129.8696
-2894.076,130.4072
-2895.1428,131.1535
-2896.2096,131.4631
-2897.2764,131.0118
-2898.3432,130.2056
-2899.41,129.684
-2900.4768,129.6041
-2901.5436,129.5688
-2902.6104,129.2175
-2903.6772,128.298
-2904.744,127.4967
-2905.8108,127.2997
-2906.8776,127.4779
-2907.9444,127.4057
-2909.0112,126.8323
-2910.078,126.5894
-2911.1448,127.8061
-2912.2116,130.5089
-2913.2784,132.854
-2914.3452,133.759
-2915.412,132.9505
-2916.4788,131.1348
-2917.5456,129.6086
-2918.6124,128.9122
-2919.6792,128.5199
-2920.746,127.9601
-2921.8128,127.8002
-2922.8796,128.2344
-2923.9464,129.1074
-2925.0132,129.8255
-2926.08,129.673
-2927.1468,128.6539
-2928.2136,127.0647
-2929.2804,125.8705
-2930.3472,126.0231
-2931.414,127.6079
-2932.4808,129.3669
-2933.5476,129.7726
-2934.6144,128.21
-2935.6812,125.3037
-2936.748,122.7174
-2937.8148,121.0255
-2938.8816,119.9296
-2939.9484,119.4245
-2941.0152,119.9402
-2942.082,121.4738
-2943.1488,122.8724
-2944.2156,121.9541
-2945.2824,117.7966
-2946.3492,111.7308
-2947.416,105.8406
-2948.4828,102.0213
-2949.5496,101.4523
-2950.6164,104.6137
-2951.6832,110.6892
-2952.75,117.3806
-2953.8168,122.3388
-2954.8836,124.8779
-2955.9504,125.2824
-2957.0172,124.1888
-2958.084,122.7042
-2959.1508,121.6023
-2960.2176,120.6144
-2961.2844,118.5327
-2962.3512,114.7094
-2963.418,110.3602
-2964.4848,107.0585
-2965.5516,104.7352
-2966.6184,102.3082
-2967.6852,99.5453
-2968.752,97.569
-2969.8188,98.235
-2970.8856,102.4097
-2971.9524,109.1464
-2973.0192,115.1056
-2974.086,118.3629
-2975.1528,119.3594
-2976.2196,119.0742
-2977.2864,118.488
-2978.3532,118.4786
-2979.42,119.9769
-2980.4868,122.822
-2981.5536,125.7067
-2982.6204,127.7438
-2983.6872,129.0065
-2984.754,129.7569
-2985.8208,130.1296
-2986.8876,130.2179
-2987.9544,130.3907
-2989.0212,131.1238
-2990.088,132.8691
-2991.1548,134.1928
-2992.2216,133.6333
-2993.2884,131.2501
-2994.3552,128.1678
-2995.422,125.6491
-2996.4888,124.1267
-2997.5556,123.8227
-2998.6224,124.6448
-2999.6892,126.7848
-3000.756,129.0113
-3001.8228,130.0542
-3002.8896,129.1971
-3003.9564,126.949
-3005.0232,125.2781
-3006.09,126.2977
-3007.1568,129.8122
-3008.2236,132.8673
-3009.2904,133.5034
-3010.3572,131.9973
-3011.424,129.9492
-3012.4908,128.7455
-3013.5576,128.4184
-3014.6244,127.6722
-3015.6912,124.4031
-3016.758,118.856
-3017.8248,112.5538
-3018.8916,107.0367
-3019.9584,103.6437
-3021.0252,103.5338
-3022.092,107.071
-3023.1588,113.3732
-3024.2256,119.6147
-3025.2924,124.2244
-3026.3592,127.3872
-3027.426,129.6947
-3028.4928,131.4732
-3029.5596,132.826
-3030.6264,133.6618
-3031.6932,133.5884
-3032.76,132.7483
-3033.8268,132.6248
-3034.8936,133.5244
-3035.9604,134.7551
-3037.0272,135.2379
-3038.094,134.5282
-3039.1608,133.3654
-3040.2276,133.0867
-3041.2944,133.6351
-3042.3612,134.0809
-3043.428,133.3108
-3044.4948,131.2872
-3045.5616,128.9126
-3046.6284,127.1677
-3047.6952,126.3556
-3048.762,126.0068
-3049.8288,125.2015
-3050.8956,123.7189
-3051.9624,121.9339
-3053.0292,119.9214
-3054.096,117.2734
-3055.1628,113.3258
-3056.2296,107.6506
-3057.2964,100.8599
-3058.3632,94.8912
-3059.43,92.9356
-3060.4968,96.5521
-3061.5636,104.8275
-3062.6304,114.3891
-3063.6972,121.8172
-3064.764,125.2999
-3065.8308,125.9868
-3066.8976,126.1908
-3067.9644,127.2228
-3069.0312,128.7053
-3070.098,129.2631
-3071.1648,128.1844
-3072.2316,125.9378
-3073.2984,123.6968
-3074.3652,122.5314
-3075.432,122.9675
-3076.4988,124.9044
-3077.5656,127.0678
-3078.6324,128.7058
-3079.6992,130.0574
-3080.766,131.6035
-3081.8328,133.5545
-3082.8996,135.6584
-3083.9664,137.2877
-3085.0332,137.4775
-3086.1,136.0449
-3087.1668,133.0162
-3088.2336,129.6615
-3089.3004,126.9733
-3090.3672,125.3054
-3091.434,124.3643
-3092.5008,123.6654
-3093.5676,123.6318
-3094.6344,124.1381
-3095.7012,124.2171
-3096.768,121.9788
-3097.8348,117.6584
-3098.9016,113.24
-3099.9684,110.648
-3101.0352,110.0458
-3102.102,110.0143
-3103.1688,110.2959
-3104.2356,112.2138
-3105.3024,116.6327
-3106.3692,122.5197
-3107.436,127.3875
-3108.5028,128.0394
-3109.5696,122.6814
-3110.6364,112.3089
-3111.7032,103.4874
-3112.77,100.7134
-3113.8368,103.5327
-3114.9036,108.9634
-3115.9704,113.4871
-3117.0372,115.1097
-3118.104,114.3715
-3119.1708,112.821
-3120.2376,111.7869
-3121.3044,111.2283
-3122.3712,109.9715
-3123.438,106.9756
-3124.5048,101.9637
-3125.5716,95.5242
-3126.6384,89.0188
-3127.7052,83.8117
-3128.772,81.224
-3129.8388,81.4467
-3130.9056,85.1375
-3131.9724,92.1114
-3133.0392,101.5322
-3134.106,111.9654
-3135.1728,121.6758
-3136.2396,128.8376
-3137.3064,132.7836
-3138.3732,134.0765
-3139.44,134.4279
-3140.5068,135.0082
-3141.5736,135.889
-3142.6404,136.5205
-3143.7072,136.4582
-3144.774,135.7733
-3145.8408,134.9724
-3146.9076,133.7388
-3147.9744,132.4859
-3149.0412,131.8392
-3150.108,132.0642
-3151.1748,133.1686
-3152.2416,134.8833
-3153.3084,136.3175
-3154.3752,136.3632
-3155.442,134.582
-3156.5088,131.6209
-3157.5756,128.6981
-3158.6424,125.7284
-3159.7092,121.2452
-3160.776,113.5076
-3161.8428,102.2524
-3162.9096,91.1143
-3163.9764,84.4415
-3165.0432,84.0544
-3166.11,88.2235
-3167.1768,93.7813
-3168.2436,97.7205
-3169.3104,109.5724
-3170.3772,115.2074
-3171.444,115.5668
-3172.5108,115.9493
-3173.5776,116.3315
-3174.6444,116.712
-3175.7112,117.0942
-3176.778,117.475
-3177.8448,117.857
-3178.9116,118.2381
-3179.9784,118.6199
-3181.0452,119.0011
-3182.112,119.3827
-3183.1788,119.7642
-3184.2456,120.1456
-3185.3124,120.527
-3186.3792,120.9085
-3187.446,121.2899
-3188.5128,121.6714
-3189.5796,122.0528
-3190.6464,122.4343
-3191.7132,122.8157
-3192.78,123.1972
-3193.8468,123.5786
-3194.9136,123.9599
-3195.9804,124.3438
-3197.0472,124.1743
-3198.114,122.8942
-3199.1808,121.6243
-3200.2476,120.3523
-3201.3144,119.0809
-3202.3812,117.8095
-3203.448,116.5375
-3204.5148,115.2675
-3205.5816,114.0182
-3206.6484,113.8701
-3207.7152,114.0295
-3208.782,114.1887
-3209.8488,114.3475
-3210.9156,114.5065
-3211.9824,114.6654
-3213.0492,114.8244
-3214.116,114.9833
-3215.1828,115.1422
-3216.2496,115.3011
-3217.3164,115.4601
-3218.3832,115.619
-3219.45,115.778
-3220.5168,115.9369
-3221.5836,116.0958
-3222.6504,116.2548
-3223.7172,116.4137
-3224.784,116.5726
-3225.8508,116.7316
-3226.9176,116.8905
-3227.9844,117.0495
-3229.0512,117.2084
-3230.118,117.3673
-3231.1848,117.5263
-3232.2516,117.6852
-3233.3184,117.8442
-3234.3852,118.0031
-3235.452,118.162
-3236.5188,118.3209
-3237.5856,118.48
-3238.6524,118.6387
-3239.7192,118.7981
-3240.786,118.9559
-3241.8528,119.115
-3242.9196,118.4945
-3243.9864,117.4755
-3245.0532,116.4583
-3246.12,115.4413
-3247.1868,114.4239
-3248.2536,113.407
-3249.3204,112.3893
-3250.3872,111.3725
-3251.454,110.5554
-3252.5208,110.8723
-3253.5876,111.2097
-3254.6544,111.5495
-3255.7212,111.8882
-3256.788,112.2275
-3257.8548,112.5664
-3258.9216,112.9055
-3259.9884,113.2445
-3261.0552,113.5836
-3262.122,113.9227
-3263.1888,114.2618
-3264.2556,114.6008
-3265.3224,114.9399
-3266.3892,115.2789
-3267.456,115.618
-3268.5228,115.9571
-3269.5896,116.2962
-3270.6564,116.6352
-3271.7232,116.9743
-3272.79,117.3133
-3273.8568,117.6524
-3274.9236,117.9914
-3275.9904,118.3307
-3277.0572,118.6692
-3278.124,119.0112
-3279.1908,118.894
-3280.2576,118.3653
-3281.3244,117.8398
-3282.3912,117.3137
-3283.458,116.7878
-3284.5248,116.2619
-3285.5916,115.7359
-3286.6584,115.21
-3287.7252,114.684
-3288.792,114.1582
-3289.8588,113.6321
-3290.9256,113.1064
-3291.9924,112.5801
-3293.0592,112.0547
-3294.126,111.6376
-3295.1928,112.0565
-3296.2596,112.5003
-3297.3264,112.9459
-3298.3932,113.3906
-3299.46,113.8358
-3300.5268,114.2809
-3301.5936,114.7257
-3302.6604,115.1709
-3303.7272,115.6156
-3304.794,116.061
-3305.8608,116.5056
-3306.9276,116.9513
-3307.9944,117.3955
-3309.0612,117.8417
-3310.128,118.2853
-3311.1948,118.7282
-3312.2616,120.4776
-3313.3284,124.38
-3314.3952,121.0005
-3315.462,116.8354
-3316.5288,114.5217
-3317.5956,116.3691
-3318.6624,122.6063
-3319.7292,129.5248
-3320.796,132.8696
-3321.8628,131.4632
-3322.9296,127.4542
-3323.9964,124.0463
-3325.0632,123.5916
-3326.13,126.4352
-3327.1968,131.1177
-3328.2636,135.221
-3329.3304,137.8034
-3330.3972,139.0688
-3331.464,139.4051
-3332.5308,138.3919
-3333.5976,135.5924
-3334.6644,131.4671
-3335.7312,127.6266
-3336.798,125.921
-3337.8648,126.7693
-3338.9316,129.5983
-3339.9984,132.6581
-3341.0652,134.3262
-3342.132,133.9466
-3343.1988,132.2309
-3344.2656,130.9267
-3345.3324,131.8761
-3346.3992,134.4351
-3347.466,136.6856
-3348.5328,138.0425
-3349.5996,139.1895
-3350.6664,140.6436
-3351.7332,141.929
-3352.8,141.7198
-3353.8668,139.5639
-3354.9336,136.9645
-3356.0004,136.5788
-3357.0672,138.9402
-3358.134,138.4306
-3359.2008,135.3043
-3360.2676,131.5636
-3361.3344,127.8893
-3362.4012,125.1766
-3363.468,115.3123
-3364.5348,95.0161
-3365.6016,85.6178
-3366.6684,100.0636
-3367.7352,125.131
-3368.802,139.5399
-3369.8688,130.6331
-3370.9356,103.9468
-3372.0024,84.2307
-3373.0692,84.6334
-3374.136,91.2145
-3375.2028,92.8272
-3376.2696,91.2064
-3377.3364,90.0616
-3378.4032,92.5569
-3379.47,100.3951
-3380.5368,110.9766
-3381.6036,121.6658
-3382.6704,132.8828
-3383.7372,141.4593
-3384.804,145.6637
-3385.8708,147.4339
-3386.9376,147.6044
-3388.0044,142.4781
-3389.0712,124.7022
-3390.138,103.2683
-3391.2048,88.9325
-3392.2716,82.3272
-3393.3384,79.5167
-3394.4052,77.0857
-3395.472,74.4649
-3396.5388,74.5307
-3397.6056,78.7256
-3398.6724,84.6249
-3399.7392,88.2443
-3400.806,86.5637
-3401.8728,84.9572
-3402.9396,93.1908
-3404.0064,104.9506
-3405.0732,110.346
-3406.14,115.3726
-3407.2068,125.262
-3408.2736,135.3055
-3409.3404,141.4052
-3410.4072,141.7727
-3411.474,137.3349
-3412.5408,130.4294
-3413.6076,127.1225
-3414.6744,129.2823
-3415.7412,127.0672
-3416.808,118.0368
-3417.8748,107.9065
-3418.9416,95.4352
-3420.0084,82.3209
-3421.0752,76.3605
-3422.142,81.5684
-3423.2088,92.0235
-3424.2756,96.52
-3425.3424,92.7803
-3426.4092,88.8617
-3427.476,87.1521
-3428.5428,93.9328
-3429.6096,118.4578
-3430.6764,140.7882
-3431.7432,144.8497
-3432.81,129.0776
-3433.8768,98.6866
-3434.9436,84.4502
-3436.0104,96.1615
-3437.0772,106.0683
-3438.144,107.8836
-3439.2108,111.0967
-3440.2776,106.5615
-3441.3444,101.0339
-3442.4112,110.5759
-3443.478,129.6662
-3444.5448,140.5064
-3445.6116,140.2626
-3446.6784,139.3113
-3447.7452,137.788
-3448.812,137.6997
-3449.8788,143.0147
-3450.9456,145.1774
-3452.0124,133.109
-3453.0792,112.5891
-3454.146,105.4295
-3455.2128,114.393
-3456.2796,116.2206
-3457.3464,104.1408
-3458.4132,94.7396
-3459.48,111.9971
-3460.5468,113.8605
-3461.6136,115.9474
-3462.6804,117.9661
-3463.7472,119.9795
-3464.814,119.5151
-3465.8808,118.6895
-3466.9476,117.8529
-3468.0144,117.0247
-3469.0812,116.1905
-3470.148,115.3605
-3471.2148,114.527
-3472.2816,113.6965
-3473.3484,112.8642
-3474.4152,112.0326
-3475.482,111.2004
-3476.5488,110.3689
-3477.6156,109.5373
-3478.6824,108.7009
-3479.7492,108.6062
-3480.816,109.1604
-3481.8828,109.7067
-3482.9496,110.2582
-3484.0164,110.8025
-3485.0832,111.3592
-3486.15,111.8889
-3487.2168,112.5128
-3488.2836,105.3665
-3489.3504,106.5796
-3490.4172,114.9525
-3491.484,126.8205
-3492.5508,138.1849
-3493.6176,137.7267
-3494.6844,135.2644
-3495.7512,136.9893
-3496.818,136.5161
-3497.8848,136.3532
-3498.9516,137.2254
-3500.0184,132.8664
-3501.0852,115.2862
-3502.152,91.8835
-3503.2188,83.714
-3504.2856,87.7502
-3505.3524,90.7383
-3506.4192,102.2574
-3507.486,108.0261
-3508.5528,108.8146
-3509.6196,109.6222
-3510.6864,110.4303
-3511.7532,111.2365
-3512.82,112.0445
-3513.8868,112.8509
-3514.9536,113.6584
-3516.0204,114.465
-3517.0872,115.2727
-3518.154,116.0796
-3519.2208,116.8868
-3520.2876,117.6941
-3521.3544,118.501
-3522.4212,119.3084
-3523.488,120.1148
-3524.5548,120.9265
-3525.6216,121.0813
-3526.6884,120.5338
-3527.7552,119.9923
-3528.822,119.4496
-3529.8888,118.9074
-3530.9556,118.365
-3532.0224,117.8226
-3533.0892,117.2802
-3534.156,116.7379
-3535.2228,116.1955
-3536.2896,115.6532
-3537.3564,115.1107
-3538.4232,114.5685
-3539.49,114.0259
-3540.5568,113.4843
-3541.6236,112.9362
-3542.6904,113.2483
-3543.7572,114.503
-3544.824,115.7495
-3545.8908,116.9977
-3546.9576,118.245
-3548.0244,119.4931
-3549.0912,120.7403
-3550.158,121.9889
-3551.2248,123.2347
-3552.2916,124.4476
-3553.3584,124.3184
-3554.4252,124.0169
-3555.492,123.7138
-3556.5588,123.4117
-3557.6256,123.109
-3558.6924,122.8067
-3559.7592,122.5041
-3560.826,122.2017
-3561.8928,121.8992
-3562.9596,121.5967
-3564.0264,121.2944
-3565.0932,120.9914
-3566.16,120.6907
-3567.2268,120.3772
-3568.2936,121.5344
-3569.3604,123.8358
-3570.4272,126.13
-3571.494,127.7636
-3572.5608,127.3822
-3573.6276,127.0129
-3574.6944,126.6391
-3575.7612,126.2672
-3576.828,125.8943
-3577.8948,125.5221
-3578.9616,125.1493
-3580.0284,124.777
-3581.0952,124.4043
-3582.162,124.0319
-3583.2288,123.6593
-3584.2956,123.2869
-3585.3624,122.9142
-3586.4292,122.5419
-3587.496,122.1689
-3588.5628,121.7976
-3589.6296,121.4245
-3590.6964,121.7866
-3591.7632,122.3671
-3592.83,122.9474
-3593.8968,123.5275
-3594.9636,124.1077
-3596.0304,124.6878
-3597.0972,125.268
-3598.164,125.8481
-3599.2308,126.4283
-3600.2976,127.0085
-3601.3644,127.5887
-3602.4312,128.1688
-3603.498,128.749
-3604.5648,129.3291
-3605.6316,129.9093
-3606.6984,130.4894
-3607.7652,131.0696
-3608.832,131.6497
-3609.8988,132.2299
-3610.9656,132.81
-3612.0324,133.3901
-3613.0992,133.9728
-3614.166,133.9274
-3615.2328,132.5631
-3616.2996,131.2115
-3617.3664,129.8569
-3618.4332,128.5038
-3619.5,127.1497
-3620.5668,125.7963
-3621.6336,124.4422
-3622.7004,123.089
-3623.7672,121.7346
-3624.834,120.382
-3625.9008,119.2342
-3626.9676,119.5493
-3628.0344,119.89
-3629.1012,120.2338
-3630.168,120.5763
-3631.2348,120.9195
-3632.3016,121.2622
-3633.3684,121.6052
-3634.4352,121.9481
-3635.502,122.2911
-3636.5688,122.634
-3637.6356,122.9769
-3638.7024,123.3198
-3639.7692,123.6627
-3640.836,124.0057
-3641.9028,124.3495
-3642.9696,124.3741
-3644.0364,123.5693
-3645.1032,122.7719
-3646.17,121.9726
-3647.2368,121.1742
-3648.3036,120.3752
-3649.3704,119.5767
-3650.4372,118.7778
-3651.504,117.9792
-3652.5708,117.1804
-3653.6376,116.3818
-3654.7044,115.5829
-3655.7712,114.7844
-3656.838,113.9854
-3657.9048,113.187
-3658.9716,112.3876
-3660.0384,111.5908
-3661.1052,110.7825
-3662.172,111.2821
-3663.2388,112.5719
-3664.3056,113.857
-3665.3724,115.1426
-3666.4392,116.4281
-3667.506,117.7136
-3668.5728,118.9992
-3669.6396,120.2846
-3670.7064,121.5702
-3671.7732,122.8556
-3672.84,124.1413
-3673.9068,125.4266
-3674.9736,126.7123
-3676.0404,127.9989
-3677.1072,128.8912
-3678.174,128.7017
-3679.2408,128.5208
-3680.3076,128.3374
-3681.3744,128.1551
-3682.4412,127.9722
-3683.508,127.7896
-3684.5748,127.6068
-3685.6416,127.4242
-3686.7084,127.2415
-3687.7752,127.0588
-3688.842,126.8761
-3689.9088,126.6935
-3690.9756,126.5107
-3692.0424,126.3281
-3693.1092,126.1454
-3694.176,125.9627
-3695.2428,125.78
-3696.3096,125.5973
-3697.3764,125.4146
-3698.4432,125.2319
-3699.51,125.0492
-3700.5768,124.8665
-3701.6436,124.6838
-3702.7104,124.5011
-3703.7772,124.3185
-3704.844,124.1358
-3705.9108,123.9531
-3706.9776,123.7704
-3708.0444,123.5877
-3709.1112,123.405
-3710.178,123.2223
-3711.2448,123.0396
-3712.3116,122.8569
-3713.3784,122.6743
-3714.4452,122.4915
-3715.512,122.3089
-3716.5788,122.1261
-3717.6456,121.9436
-3718.7124,121.7606
-3719.7792,121.5788
-3720.846,121.3921
-3721.9128,121.8095
-3722.9796,122.4911
-3724.0464,123.1716
-3725.1132,123.8521
-3726.18,124.5328
-3727.2468,125.2133
-3728.3136,125.8939
-3729.3804,126.5744
-3730.4472,127.255
-3731.514,127.9355
-3732.5808,128.6162
-3733.6476,129.2967
-3734.7144,129.9771
-3735.7812,130.6604
-3736.848,130.7559
-3737.9148,129.7028
-3738.9816,128.6606
-3740.0484,127.616
-3741.1152,126.5724
-3742.182,125.5283
-3743.2488,124.4845
-3744.3156,123.4404
-3745.3824,122.3965
-3746.4492,121.3526
-3747.516,120.3087
-3748.5828,119.2647
-3749.6496,118.2208
-3750.7164,117.1768
-3751.7832,116.1328
-3752.85,115.089
-3753.9168,114.0449
-3754.9836,113.0012
-3756.0504,111.9567
-3757.1172,110.9143
-3758.184,109.8613
-3759.2508,110.0118
-3760.3176,111.1293
-3761.3844,112.2397
-3762.4512,113.3512
-3763.518,114.4624
-3764.5848,115.5737
-3765.6516,116.685
-3766.7184,117.7962
-3767.7852,118.9076
-3768.852,120.0186
-3769.9188,121.1303
-3770.9856,122.2405
-3772.0524,123.3469
-3773.1192,123.7732
-3774.186,124.0807
-3775.2528,124.3876
-3776.3196,124.695
-3777.3864,125.0021
-3778.4532,125.3094
-3779.52,125.6165
-3780.5868,125.9238
-3781.6536,126.2309
-3782.7204,126.5382
-3783.7872,126.8453
-3784.854,127.1526
-3785.9208,127.4597
-3786.9876,127.767
-3788.0544,128.0741
-3789.1212,128.3815
-3790.188,128.6889
-3791.2548,128.9151
-3792.3216,128.8175
-3793.3884,128.7189
-3794.4552,128.6212
-3795.522,128.5218
-3796.5888,120.2637
-3797.6556,120.3614
-3798.7224,120.4591
-3799.7892,120.5568
-3800.856,120.6545
-3801.9228,120.7522
-3802.9896,120.8499
-3804.0564,120.9475
-3805.1232,121.0452
-3806.19,121.1429
-3807.2568,121.2406
-3808.3236,121.3383
-3809.3904,121.436
-3810.4572,121.5337
-3811.524,121.6314
-3812.5908,121.729
-3813.6576,121.8267
-3814.7244,121.9244
-3815.7912,122.0221
-3816.858,122.1198
-3817.9248,122.2175
-3818.9916,122.3152
-3820.0584,122.4129
-3821.1252,122.5106
-3822.192,122.6082
-3823.2588,122.7059
-3824.3256,122.8036
-3825.3924,122.9013
-3826.4592,122.999
-3827.526,123.0967
-3828.5928,123.1944
-3829.6596,123.2921
-3830.7264,123.3897
-3831.7932,123.4874
-3832.86,123.5851
-3833.9268,123.6828
-3834.9936,123.7805
-3836.0604,123.8782
-3837.1272,124.2068
-3838.194,124.5354
-3839.2608,124.864
-3840.3276,125.1925
-3841.3944,125.5211
-3842.4612,125.8497
-3843.528,126.1783
-3844.5948,126.5069
-3845.6616,126.8355
-3846.7284,127.1641
-3847.7952,127.4926
-3848.862,127.8212
-3849.9288,128.1498
-3850.9956,128.4784
-3852.0624,128.807
-3853.1292,129.1356
-3854.196,129.4642
-3855.2628,129.7928
-3856.3296,130.1213
-3857.3964,130.4499
-3858.4632,130.7785
-3859.53,131.1071
-3860.5968,131.4357
-3861.6636,131.7643
-3862.7304,132.0929
-3863.7972,132.4214
-3864.864,132.75
-3865.9308,133.0786
-3866.9976,133.4072
-3868.0644,133.7358
-3869.1312,134.0644
-3870.198,134.393
-3871.2648,134.7216
-3872.3316,134.5431
-3873.3984,127.4926
-3874.4652,127.4774
-3875.532,127.4621
-3876.5988,127.4469
-3877.6656,127.4316
-3878.7324,127.4164
-3879.7992,127.4011
-3880.866,127.3859
-3881.9328,127.3706
-3882.9996,127.3554
-3884.0664,127.3401
-3885.1332,127.3249
-3886.2,127.3096
-3887.2668,127.2944
-3888.3336,127.2791
-3889.4004,127.2639
-3890.4672,127.2486
-3891.534,127.2334
-3892.6008,127.2181
-3893.6676,127.2029
-3894.7344,127.1876
-3895.8012,127.1724
-3896.868,127.1571
-3897.9348,127.1419
-3899.0016,127.1266
-3900.0684,127.1114
-3901.1352,127.0961
-3902.202,127.0809
-3903.2688,127.0656
-3904.3356,127.0504
-3905.4024,127.0351
-3906.4692,127.0199
-3907.536,127.0046
-3908.6028,126.9894
-3909.6696,126.9741
-3910.7364,126.9589
-3911.8032,126.9436
-3912.87,126.9284
-3913.9368,126.9131
-3915.0036,126.8979
-3916.0704,126.8826
-3917.1372,126.8674
-3918.204,126.8521
-3919.2708,126.8369
-3920.3376,126.8216
-3921.4044,126.8064
-3922.4712,126.7911
-3923.538,126.7759
-3924.6048,126.7606
-3925.6716,126.7454
-3926.7384,126.7301
-3927.8052,126.7149
-3928.872,126.6996
-3929.9388,126.6843
-3931.0056,126.6691
-3932.0724,126.6538
-3933.1392,126.6386
-3934.206,126.6233
-3935.2728,126.6081
-3936.3396,126.5928
-3937.4064,126.5776
-3938.4732,126.5623
-3939.54,126.5471
-3940.6068,126.5318
-3941.6736,126.5166
-3942.7404,126.5013
-3943.8072,126.4861
-3944.874,126.4708
-3945.9408,126.4556
-3947.0076,126.4403
-3948.0744,126.4251
-3949.1412,126.4098
-3950.208,126.3946
-3951.2748,126.3793
-3952.3416,126.3641
-3953.4084,126.3488
-3954.4752,126.3336
-3955.542,126.3183
-3956.6088,126.3031
-3957.6756,126.2878
-3958.7424,131.5471
-3959.8092,143.9973
-3960.876,150.3183
-3961.9428,150.8014
-3963.0096,147.969
-3964.0764,145.7027
-3965.1432,143.6431
-3966.21,144.7049
-3967.2768,146.1339
-3968.3436,143.8286
-3969.4104,140.5121
-3970.4772,140.607
-3971.544,142.7385
-3972.6108,141.9548
-3973.6776,140.8856
-3974.7444,143.187
-3975.8112,145.0362
-3976.878,143.8452
-3977.9448,142.1931
-3979.0116,140.8914
-3980.0784,139.7715
-3981.1452,140.0733
-3982.212,140.0227
-3983.2788,138.5847
-3984.3456,136.6146
-3985.4124,134.2752
-3986.4792,135.6259
-3987.546,140.116
-3988.6128,141.3209
-3989.6796,139.7393
-3990.7464,139.3476
-3991.8132,140.5004
-3992.88,141.0017
-3993.9468,139.7317
-3995.0136,138.1337
-3996.0804,135.9441
-3997.1472,132.4155
-3998.214,130.5258
-3999.2808,131.8381
-4000.3476,134.1677
-4001.4144,135.7272
-4002.4812,137.4982
-4003.548,138.2155
-4004.6148,137.352
-4005.6816,137.032
-4006.7484,137.2612
-4007.8152,136.4258
-4008.882,135.1767
-4009.9488,133.9756
-4011.0156,133.2007
-4012.0824,134.7158
-4013.1492,136.6699
-4014.216,134.5038
-4015.2828,132.1362
-4016.3496,133.7294
-4017.4164,135.3771
-4018.4832,136.2776
-4019.55,137.9792
-4020.6168,140.3471
-4021.6836,141.9341
-4022.7504,140.3738
-4023.8172,135.9074
-4024.884,133.0462
-4025.9508,132.9612
-4027.0176,135.0056
-4028.0844,136.1958
-4029.1512,134.1026
-4030.218,131.2959
-4031.2848,131.4144
-4032.3516,131.436
-4033.4184,130.2793
-4034.4852,131.6615
-4035.552,134.1049
-4036.6188,132.4421
-4037.6856,128.6789
-4038.7524,128.1219
-4039.8192,133.0671
-4040.886,139.6228
-4041.9528,148.2744
-4043.0196,159.5028
-4044.0864,168.2941
-4045.1532,174.7435
-4046.22,178.7334
-4047.2868,177.6653
-4048.3536,176.6426
-4049.4204,178.1274
-4050.4872,176.4448
-4051.554,172.5705
-4052.6208,173.0341
-4053.6876,178.3469
-4054.7544,181.7954
-4055.8212,181.2564
-4056.888,179.8734
-4057.9548,178.9572
-4059.0216,178.6591
-4060.0884,179.9819
-4061.1552,181.2069
-4062.222,178.9047
-4063.2888,174.4655
-4064.3556,173.7197
-4065.4224,177.4785
-4066.4892,181.9445
-4067.556,184.6869
-4068.6228,186.2558
-4069.6896,187.2196
-4070.7564,186.5056
-4071.8232,186.2977
-4072.89,186.5914
-4073.9568,180.843
-4075.0236,173.3307
-4076.0904,174.4813
-4077.1572,181.8637
-4078.224,185.554
-4079.2908,184.6294
-4080.3576,184.0292
-4081.4244,184.0965
-4082.4912,182.5295
-4083.558,180.4891
-4084.6248,180.6645
-4085.6916,181.1766
-4086.7584,177.5366
-4087.8252,174.1279
-4088.892,176.106
-4089.9588,180.7367
-4091.0256,183.325
-4092.0924,182.8495
-4093.1592,181.9907
-4094.226,182.4015
-4095.2928,180.6289
-4096.3596,176.4151
-4097.4264,174.1406
-4098.4932,174.036
-4099.56,173.9493
-4100.6268,173.9678
-4101.6936,176.367
-4102.7604,177.629
-4103.8272,175.8304
-4104.894,175.3825
-4105.9608,176.6986
-4107.0276,177.6156
-4108.0944,180.2137
-4109.1612,182.1689
-4110.228,180.0037
-4111.2948,176.1484
-4112.3616,174.7303
-4113.4284,176.2515
-4114.4952,176.949
-4115.562,175.3277
-4116.6288,177.5403
-4117.6956,180.7549
-4118.7624,178.0123
-4119.8292,176.3431
-4120.896,180.2583
-4121.9628,184.5245
-4123.0296,187.084
-4124.0964,185.6314
-4125.1632,177.9811
-4126.23,169.9022
-4127.2968,171.0478
-4128.3636,180.58
-4129.4304,185.544
-4130.4972,180.2763
-4131.564,175.702
-4132.6308,176.5309
-4133.6976,176.7378
-4134.7644,175.6261
-4135.8312,176.0115
-4136.898,179.5851
-4137.9648,182.4573
-4139.0316,181.3836
-4140.0984,177.1429
-4141.1652,174.0319
-4142.232,174.7195
-4143.2988,177.2371
-4144.3656,178.3264
-4145.4324,178.3303
-4146.4992,178.2993
-4147.566,178.5138
-4148.6328,179.8036
-4149.6996,182.4733
-4150.7664,186.1202
-4151.8332,188.8629
-4152.9,187.2059
-4153.9668,182.5891
-4155.0336,178.855
-4156.1004,177.6313
-4157.1672,180.7299
-4158.234,185.9462
-4159.3008,188.8415
-4160.3676,190.8935
-4161.4344,193.6215
-4162.5012,195.913
-4163.568,196.5021
-4164.6348,194.0228
-4165.7016,191.306
-4166.7684,187.7916
-4167.8352,178.3
-4168.902,164.4343
-4169.9688,159.7307
-4171.0356,169.6564
-4172.1024,180.5341
-4173.1692,183.2042
-4174.236,181.182
-4175.3028,179.7097
-4176.3696,181.0362
-4177.4364,182.5566
-4178.5032,184.6311
-4179.57,186.3211
-4180.6368,184.9238
-4181.7036,183.0686
-4182.7704,182.5567
-4183.8372,177.2961
-4184.904,162.1082
-4185.9708,154.0732
-4187.0376,163.8978
-4188.1044,173.4657
-4189.1712,173.5406
-4190.238,170.1432
-4191.3048,166.1276
-4192.3716,162.5923
-4193.4384,163.2646
-4194.5052,169.26
-4195.572,176.2417
-4196.6388,176.4867
-4197.7056,169.8775
-4198.7724,167.7864
-4199.8392,173.9946
-4200.906,180.7292
-4201.9728,182.1771
-4203.0396,179.6972
-4204.1064,178.0275
-4205.1732,176.6728
-4206.24,175.2902
-4207.3068,174.8704
-4208.3736,169.7013
-4209.4404,156.6489
-4210.5072,147.9452
-4211.574,155.9866
-4212.6408,169.6829
-4213.7076,175.825
-4214.7744,178.061
-4215.8412,178.9035
-4216.908,176.2404
-4217.9748,170.3679
-4219.0416,167.1739
-4220.1084,168.3598
-4221.1752,171.8389
-4222.242,174.6092
-4223.3088,174.7466
-4224.3756,171.7267
-4225.4424,167.1438
-4226.5092,161.9819
-4227.576,155.4825
-4228.6428,151.9227
-4229.7096,156.1182
-4230.7764,163.0379
-4231.8432,166.4347
-4232.91,166.4518
-4233.9768,164.9873
-4235.0436,167.0073
-4236.1104,170.1081
-4237.1772,166.4778
-4238.244,158.2798
-4239.3108,151.5804
-4240.3776,145.6904
-4241.4444,140.3313
-4242.5112,136.7782
-4243.578,135.085
-4244.6448,134.9019
-4245.7116,137.217
-4246.7784,143.0392
-4247.8452,147.9276
-4248.912,145.533
-4249.9788,138.7543
-4251.0456,131.4561
-4252.1124,123.5935
-4253.1792,117.445
-4254.246,114.3373
-4255.3128,114.7989
-4256.3796,124.5733
-4257.4464,157.754
-4258.5132,214.0958
-4259.58,247.7681
-4260.6468,227.6375
-4261.7136,192.8127
-4262.7804,177.7034
-4263.8472,169.7647
-4264.914,159.6557
-4265.9808,152.1616
-4267.0476,150.4601
-4268.1144,151.2399
-4269.1812,153.5317
-4270.248,159.6353
-4271.3148,164.1426
-4272.3816,163.8679
-4273.4484,161.3463
-4274.5152,156.0882
-4275.582,152.7431
-4276.6488,154.5989
-4277.7156,158.4706
-4278.7824,162.1406
-4279.8492,163.1287
-4280.916,160.7482
-4281.9828,163.5476
-4283.0496,173.3021
-4284.1164,177.7414
-4285.1832,174.4088
-4286.25,168.7677
-4287.3168,162.4947
-4288.3836,156.9748
-4289.4504,154.053
-4290.5172,156.1342
-4291.584,164.8596
-4292.6508,177.9882
-4293.7176,192.2326
-4294.7844,206.09
-4295.8512,219.9275
-4296.918,229.3468
-4297.9848,229.5039
-4299.0516,224.3104
-4300.1184,211.6651
-4301.1852,190.5667
-4302.252,170.5397
-4303.3188,156.6114
-4304.3856,149.1014
-4305.4524,146.8766
-4306.5192,145.6698
-4307.586,145.3468
-4308.6528,147.7799
-4309.7196,149.8895
-4310.7864,149.9963
-4311.8532,150.2981
-4312.92,149.0924
-4313.9868,146.3051
-4315.0536,146.1008
-4316.1204,144.8298
-4317.1872,138.9223
-4318.254,132.3005
-4319.3208,126.5303
-4320.3876,124.0039
-4321.4544,128.9921
-4322.5212,136.7512
-4323.588,137.6132
-4324.6548,137.6183
-4325.7216,137.6152
-4326.7884,137.617
-4327.8552,137.6159
-4328.922,137.6165
-4329.9888,137.6162
-4331.0556,137.6161
-4332.1224,137.6162
-4333.1892,137.6159
-4334.256,137.6163
-4335.3228,137.6156
-4336.3896,137.6166
-4337.4564,137.6143
-4338.5232,137.6171
-4339.59,137.6102
-4340.6568,137.6219
-4341.7236,137.5445
